image_id,image_path,label_path,year,width,height,resolution,n_objects,has_milco,has_nombo,image_category
0453_2018,data\raw\2018\2018\0453_2018.jpg,data\raw\2018\2018\0453_2018.txt,2018,416,416,416x416,1,False,True,nombo_only
0013_2010,data\raw\2010\2010\0013_2010.jpg,data\raw\2010\2010\0013_2010.txt,2010,1024,1024,1024x1024,0,False,False,empty
0276_2010,data\raw\2010\2010\0276_2010.jpg,data\raw\2010\2010\0276_2010.txt,2010,1024,1024,1024x1024,0,False,False,empty
0292_2010,data\raw\2010\2010\0292_2010.jpg,data\raw\2010\2010\0292_2010.txt,2010,1024,1024,1024x1024,0,False,False,empty
0423_2018,data\raw\2018\2018\0423_2018.jpg,data\raw\2018\2018\0423_2018.txt,2018,1024,1024,1024x1024,0,False,False,empty
0318_2010,data\raw\2010\2010\0318_2010.jpg,data\raw\2010\2010\0318_2010.txt,2010,416,416,416x416,1,False,True,nombo_only
0313_2018,data\raw\2018\2018\0313_2018.jpg,data\raw\2018\2018\0313_2018.txt,2018,416,416,416x416,0,False,False,empty
0042_2021,data\raw\2021\2021\0042_2021.jpg,data\raw\2021\2021\0042_2021.txt,2021,416,416,416x416,0,False,False,empty
0107_2018,data\raw\2018\2018\0107_2018.jpg,data\raw\2018\2018\0107_2018.txt,2018,1024,1024,1024x1024,1,True,False,milco_only
0268_2010,data\raw\2010\2010\0268_2010.jpg,data\raw\2010\2010\0268_2010.txt,2010,416,416,416x416,0,False,False,empty
0023_2021,data\raw\2021\2021\0023_2021.jpg,data\raw\2021\2021\0023_2021.txt,2021,416,416,416x416,1,True,False,milco_only
0330_2018,data\raw\2018\2018\0330_2018.jpg,data\raw\2018\2018\0330_2018.txt,2018,1024,1024,1024x1024,1,True,False,milco_only
0467_2018,data\raw\2018\2018\0467_2018.jpg,data\raw\2018\2018\0467_2018.txt,2018,416,416,416x416,0,False,False,empty
0303_2010,data\raw\2010\2010\0303_2010.jpg,data\raw\2010\2010\0303_2010.txt,2010,416,416,416x416,0,False,False,empty
0067_2010,data\raw\2010\2010\0067_2010.jpg,data\raw\2010\2010\0067_2010.txt,2010,1024,1024,1024x1024,0,False,False,empty
0158_2018,data\raw\2018\2018\0158_2018.jpg,data\raw\2018\2018\0158_2018.txt,2018,1024,1024,1024x1024,0,False,False,empty
0051_2018,data\raw\2018\2018\0051_2018.jpg,data\raw\2018\2018\0051_2018.txt,2018,1024,1024,1024x1024,0,False,False,empty
0179_2010,data\raw\2010\2010\0179_2010.jpg,data\raw\2010\2010\0179_2010.txt,2010,416,416,416x416,0,False,False,empty
0026_2010,data\raw\2010\2010\0026_2010.jpg,data\raw\2010\2010\0026_2010.txt,2010,1024,1024,1024x1024,0,False,False,empty
0010_2010,data\raw\2010\2010\0010_2010.jpg,data\raw\2010\2010\0010_2010.txt,2010,1024,1024,1024x1024,0,False,False,empty
0094_2015,data\raw\2015\2015\0094_2015.jpg,data\raw\2015\2015\0094_2015.txt,2015,416,416,416x416,1,True,False,milco_only
0397_2018,data\raw\2018\2018\0397_2018.jpg,data\raw\2018\2018\0397_2018.txt,2018,416,416,416x416,0,False,False,empty
0318_2018,data\raw\2018\2018\0318_2018.jpg,data\raw\2018\2018\0318_2018.txt,2018,1024,1024,1024x1024,0,False,False,empty
0205_2018,data\raw\2018\2018\0205_2018.jpg,data\raw\2018\2018\0205_2018.txt,2018,416,416,416x416,0,False,False,empty
0053_2017,data\raw\2017\2017\0053_2017.jpg,data\raw\2017\2017\0053_2017.txt,2017,1024,1024,1024x1024,0,False,False,empty
0329_2010,data\raw\2010\2010\0329_2010.jpg,data\raw\2010\2010\0329_2010.txt,2010,1024,1024,1024x1024,0,False,False,empty
0255_2018,data\raw\2018\2018\0255_2018.jpg,data\raw\2018\2018\0255_2018.txt,2018,416,416,416x416,0,False,False,empty
0114_2010,data\raw\2010\2010\0114_2010.jpg,data\raw\2010\2010\0114_2010.txt,2010,1024,1024,1024x1024,0,False,False,empty
0526_2018,data\raw\2018\2018\0526_2018.jpg,data\raw\2018\2018\0526_2018.txt,2018,416,416,416x416,0,False,False,empty
0087_2018,data\raw\2018\2018\0087_2018.jpg,data\raw\2018\2018\0087_2018.txt,2018,416,416,416x416,0,False,False,empty
0208_2018,data\raw\2018\2018\0208_2018.jpg,data\raw\2018\2018\0208_2018.txt,2018,1024,1024,1024x1024,0,False,False,empty
0038_2018,data\raw\2018\2018\0038_2018.jpg,data\raw\2018\2018\0038_2018.txt,2018,416,416,416x416,0,False,False,empty
0332_2010,data\raw\2010\2010\0332_2010.jpg,data\raw\2010\2010\0332_2010.txt,2010,416,416,416x416,0,False,False,empty
0543_2018,data\raw\2018\2018\0543_2018.jpg,data\raw\2018\2018\0543_2018.txt,2018,416,416,416x416,0,False,False,empty
0301_2010,data\raw\2010\2010\0301_2010.jpg,data\raw\2010\2010\0301_2010.txt,2010,1024,1024,1024x1024,0,False,False,empty
0171_2010,data\raw\2010\2010\0171_2010.jpg,data\raw\2010\2010\0171_2010.txt,2010,416,416,416x416,0,False,False,empty
0244_2010,data\raw\2010\2010\0244_2010.jpg,data\raw\2010\2010\0244_2010.txt,2010,1024,1024,1024x1024,0,False,False,empty
0025_2015,data\raw\2015\2015\0025_2015.jpg,data\raw\2015\2015\0025_2015.txt,2015,416,416,416x416,3,True,True,mixed
0072_2015,data\raw\2015\2015\0072_2015.jpg,data\raw\2015\2015\0072_2015.txt,2015,416,416,416x416,4,False,True,nombo_only
0558_2018,data\raw\2018\2018\0558_2018.jpg,data\raw\2018\2018\0558_2018.txt,2018,416,416,416x416,0,False,False,empty
0198_2018,data\raw\2018\2018\0198_2018.jpg,data\raw\2018\2018\0198_2018.txt,2018,1024,1024,1024x1024,0,False,False,empty
0111_2010,data\raw\2010\2010\0111_2010.jpg,data\raw\2010\2010\0111_2010.txt,2010,1024,1024,1024x1024,0,False,False,empty
0102_2018,data\raw\2018\2018\0102_2018.jpg,data\raw\2018\2018\0102_2018.txt,2018,1024,1024,1024x1024,0,False,False,empty
0165_2018,data\raw\2018\2018\0165_2018.jpg,data\raw\2018\2018\0165_2018.txt,2018,1024,1024,1024x1024,0,False,False,empty
0433_2018,data\raw\2018\2018\0433_2018.jpg,data\raw\2018\2018\0433_2018.txt,2018,416,416,416x416,0,False,False,empty
0027_2015,data\raw\2015\2015\0027_2015.jpg,data\raw\2015\2015\0027_2015.txt,2015,416,416,416x416,3,True,True,mixed
0169_2018,data\raw\2018\2018\0169_2018.jpg,data\raw\2018\2018\0169_2018.txt,2018,416,416,416x416,0,False,False,empty
0335_2010,data\raw\2010\2010\0335_2010.jpg,data\raw\2010\2010\0335_2010.txt,2010,416,416,416x416,0,False,False,empty
0214_2018,data\raw\2018\2018\0214_2018.jpg,data\raw\2018\2018\0214_2018.txt,2018,416,416,416x416,0,False,False,empty
0213_2018,data\raw\2018\2018\0213_2018.jpg,data\raw\2018\2018\0213_2018.txt,2018,1024,1024,1024x1024,1,True,False,milco_only
0050_2010,data\raw\2010\2010\0050_2010.jpg,data\raw\2010\2010\0050_2010.txt,2010,1024,1024,1024x1024,0,False,False,empty
0064_2018,data\raw\2018\2018\0064_2018.jpg,data\raw\2018\2018\0064_2018.txt,2018,1024,1024,1024x1024,0,False,False,empty
0103_2015,data\raw\2015\2015\0103_2015.jpg,data\raw\2015\2015\0103_2015.txt,2015,416,416,416x416,1,True,False,milco_only
0196_2010,data\raw\2010\2010\0196_2010.jpg,data\raw\2010\2010\0196_2010.txt,2010,1024,1024,1024x1024,0,False,False,empty
0050_2017,data\raw\2017\2017\0050_2017.jpg,data\raw\2017\2017\0050_2017.txt,2017,1024,1024,1024x1024,0,False,False,empty
0369_2018,data\raw\2018\2018\0369_2018.jpg,data\raw\2018\2018\0369_2018.txt,2018,1024,1024,1024x1024,1,True,False,milco_only
0046_2015,data\raw\2015\2015\0046_2015.jpg,data\raw\2015\2015\0046_2015.txt,2015,1024,1024,1024x1024,1,True,False,milco_only
0009_2010,data\raw\2010\2010\0009_2010.jpg,data\raw\2010\2010\0009_2010.txt,2010,416,416,416x416,0,False,False,empty
0036_2018,data\raw\2018\2018\0036_2018.jpg,data\raw\2018\2018\0036_2018.txt,2018,1024,1024,1024x1024,1,True,False,milco_only
0387_2018,data\raw\2018\2018\0387_2018.jpg,data\raw\2018\2018\0387_2018.txt,2018,1024,1024,1024x1024,1,True,False,milco_only
0315_2018,data\raw\2018\2018\0315_2018.jpg,data\raw\2018\2018\0315_2018.txt,2018,1024,1024,1024x1024,0,False,False,empty
0114_2018,data\raw\2018\2018\0114_2018.jpg,data\raw\2018\2018\0114_2018.txt,2018,1024,1024,1024x1024,0,False,False,empty
0014_2015,data\raw\2015\2015\0014_2015.jpg,data\raw\2015\2015\0014_2015.txt,2015,416,416,416x416,5,True,True,mixed
0553_2018,data\raw\2018\2018\0553_2018.jpg,data\raw\2018\2018\0553_2018.txt,2018,416,416,416x416,0,False,False,empty
0109_2015,data\raw\2015\2015\0109_2015.jpg,data\raw\2015\2015\0109_2015.txt,2015,1024,1024,1024x1024,0,False,False,empty
0379_2018,data\raw\2018\2018\0379_2018.jpg,data\raw\2018\2018\0379_2018.txt,2018,416,416,416x416,1,True,False,milco_only
0067_2018,data\raw\2018\2018\0067_2018.jpg,data\raw\2018\2018\0067_2018.txt,2018,1024,1024,1024x1024,0,False,False,empty
0197_2010,data\raw\2010\2010\0197_2010.jpg,data\raw\2010\2010\0197_2010.txt,2010,1024,1024,1024x1024,0,False,False,empty
0119_2010,data\raw\2010\2010\0119_2010.jpg,data\raw\2010\2010\0119_2010.txt,2010,1024,1024,1024x1024,0,False,False,empty
0129_2010,data\raw\2010\2010\0129_2010.jpg,data\raw\2010\2010\0129_2010.txt,2010,1024,1024,1024x1024,0,False,False,empty
0122_2018,data\raw\2018\2018\0122_2018.jpg,data\raw\2018\2018\0122_2018.txt,2018,1024,1024,1024x1024,0,False,False,empty
0415_2018,data\raw\2018\2018\0415_2018.jpg,data\raw\2018\2018\0415_2018.txt,2018,416,416,416x416,1,False,True,nombo_only
0099_2015,data\raw\2015\2015\0099_2015.jpg,data\raw\2015\2015\0099_2015.txt,2015,1024,1024,1024x1024,1,True,False,milco_only
0101_2018,data\raw\2018\2018\0101_2018.jpg,data\raw\2018\2018\0101_2018.txt,2018,416,416,416x416,0,False,False,empty
0243_2018,data\raw\2018\2018\0243_2018.jpg,data\raw\2018\2018\0243_2018.txt,2018,416,416,416x416,0,False,False,empty
0135_2010,data\raw\2010\2010\0135_2010.jpg,data\raw\2010\2010\0135_2010.txt,2010,1024,1024,1024x1024,0,False,False,empty
0023_2015,data\raw\2015\2015\0023_2015.jpg,data\raw\2015\2015\0023_2015.txt,2015,1024,1024,1024x1024,1,True,False,milco_only
0046_2018,data\raw\2018\2018\0046_2018.jpg,data\raw\2018\2018\0046_2018.txt,2018,1024,1024,1024x1024,0,False,False,empty
0070_2010,data\raw\2010\2010\0070_2010.jpg,data\raw\2010\2010\0070_2010.txt,2010,1024,1024,1024x1024,0,False,False,empty
0073_2010,data\raw\2010\2010\0073_2010.jpg,data\raw\2010\2010\0073_2010.txt,2010,416,416,416x416,0,False,False,empty
0070_2017,data\raw\2017\2017\0070_2017.jpg,data\raw\2017\2017\0070_2017.txt,2017,1024,1024,1024x1024,0,False,False,empty
0292_2018,data\raw\2018\2018\0292_2018.jpg,data\raw\2018\2018\0292_2018.txt,2018,1024,1024,1024x1024,0,False,False,empty
0233_2010,data\raw\2010\2010\0233_2010.jpg,data\raw\2010\2010\0233_2010.txt,2010,1024,1024,1024x1024,0,False,False,empty
0320_2018,data\raw\2018\2018\0320_2018.jpg,data\raw\2018\2018\0320_2018.txt,2018,416,416,416x416,1,False,True,nombo_only
0007_2021,data\raw\2021\2021\0007_2021.jpg,data\raw\2021\2021\0007_2021.txt,2021,416,416,416x416,2,True,False,milco_only
0400_2018,data\raw\2018\2018\0400_2018.jpg,data\raw\2018\2018\0400_2018.txt,2018,1024,1024,1024x1024,0,False,False,empty
0164_2018,data\raw\2018\2018\0164_2018.jpg,data\raw\2018\2018\0164_2018.txt,2018,416,416,416x416,0,False,False,empty
0017_2010,data\raw\2010\2010\0017_2010.jpg,data\raw\2010\2010\0017_2010.txt,2010,1024,1024,1024x1024,0,False,False,empty
0018_2017,data\raw\2017\2017\0018_2017.jpg,data\raw\2017\2017\0018_2017.txt,2017,416,416,416x416,0,False,False,empty
0124_2018,data\raw\2018\2018\0124_2018.jpg,data\raw\2018\2018\0124_2018.txt,2018,416,416,416x416,0,False,False,empty
0055_2010,data\raw\2010\2010\0055_2010.jpg,data\raw\2010\2010\0055_2010.txt,2010,416,416,416x416,0,False,False,empty
0494_2018,data\raw\2018\2018\0494_2018.jpg,data\raw\2018\2018\0494_2018.txt,2018,416,416,416x416,0,False,False,empty
0534_2018,data\raw\2018\2018\0534_2018.jpg,data\raw\2018\2018\0534_2018.txt,2018,416,416,416x416,0,False,False,empty
0018_2015,data\raw\2015\2015\0018_2015.jpg,data\raw\2015\2015\0018_2015.txt,2015,416,416,416x416,3,True,True,mixed
0040_2017,data\raw\2017\2017\0040_2017.jpg,data\raw\2017\2017\0040_2017.txt,2017,1024,1024,1024x1024,2,True,False,milco_only
0506_2018,data\raw\2018\2018\0506_2018.jpg,data\raw\2018\2018\0506_2018.txt,2018,416,416,416x416,0,False,False,empty
0390_2018,data\raw\2018\2018\0390_2018.jpg,data\raw\2018\2018\0390_2018.txt,2018,1024,1024,1024x1024,0,False,False,empty
0097_2018,data\raw\2018\2018\0097_2018.jpg,data\raw\2018\2018\0097_2018.txt,2018,1024,1024,1024x1024,0,False,False,empty
0271_2018,data\raw\2018\2018\0271_2018.jpg,data\raw\2018\2018\0271_2018.txt,2018,416,416,416x416,0,False,False,empty
0490_2018,data\raw\2018\2018\0490_2018.jpg,data\raw\2018\2018\0490_2018.txt,2018,416,416,416x416,0,False,False,empty
0516_2018,data\raw\2018\2018\0516_2018.jpg,data\raw\2018\2018\0516_2018.txt,2018,416,416,416x416,0,False,False,empty
0555_2018,data\raw\2018\2018\0555_2018.jpg,data\raw\2018\2018\0555_2018.txt,2018,416,416,416x416,0,False,False,empty
0439_2018,data\raw\2018\2018\0439_2018.jpg,data\raw\2018\2018\0439_2018.txt,2018,1024,1024,1024x1024,0,False,False,empty
0504_2018,data\raw\2018\2018\0504_2018.jpg,data\raw\2018\2018\0504_2018.txt,2018,416,416,416x416,0,False,False,empty
0157_2010,data\raw\2010\2010\0157_2010.jpg,data\raw\2010\2010\0157_2010.txt,2010,1024,1024,1024x1024,0,False,False,empty
0345_2018,data\raw\2018\2018\0345_2018.jpg,data\raw\2018\2018\0345_2018.txt,2018,416,416,416x416,2,True,True,mixed
0417_2018,data\raw\2018\2018\0417_2018.jpg,data\raw\2018\2018\0417_2018.txt,2018,1024,1024,1024x1024,0,False,False,empty
0031_2018,data\raw\2018\2018\0031_2018.jpg,data\raw\2018\2018\0031_2018.txt,2018,1024,1024,1024x1024,0,False,False,empty
0344_2018,data\raw\2018\2018\0344_2018.jpg,data\raw\2018\2018\0344_2018.txt,2018,1024,1024,1024x1024,2,True,True,mixed
0011_2021,data\raw\2021\2021\0011_2021.jpg,data\raw\2021\2021\0011_2021.txt,2021,416,416,416x416,3,True,False,milco_only
0249_2018,data\raw\2018\2018\0249_2018.jpg,data\raw\2018\2018\0249_2018.txt,2018,416,416,416x416,0,False,False,empty
0038_2021,data\raw\2021\2021\0038_2021.jpg,data\raw\2021\2021\0038_2021.txt,2021,416,416,416x416,0,False,False,empty
0319_2010,data\raw\2010\2010\0319_2010.jpg,data\raw\2010\2010\0319_2010.txt,2010,1024,1024,1024x1024,0,False,False,empty
0002_2018,data\raw\2018\2018\0002_2018.jpg,data\raw\2018\2018\0002_2018.txt,2018,1024,1024,1024x1024,0,False,False,empty
0015_2021,data\raw\2021\2021\0015_2021.jpg,data\raw\2021\2021\0015_2021.txt,2021,416,416,416x416,1,True,False,milco_only
0287_2010,data\raw\2010\2010\0287_2010.jpg,data\raw\2010\2010\0287_2010.txt,2010,1024,1024,1024x1024,0,False,False,empty
0017_2021,data\raw\2021\2021\0017_2021.jpg,data\raw\2021\2021\0017_2021.txt,2021,416,416,416x416,0,False,False,empty
0148_2018,data\raw\2018\2018\0148_2018.jpg,data\raw\2018\2018\0148_2018.txt,2018,1024,1024,1024x1024,1,True,False,milco_only
0089_2015,data\raw\2015\2015\0089_2015.jpg,data\raw\2015\2015\0089_2015.txt,2015,1024,1024,1024x1024,3,True,True,mixed
0348_2018,data\raw\2018\2018\0348_2018.jpg,data\raw\2018\2018\0348_2018.txt,2018,416,416,416x416,0,False,False,empty
0228_2018,data\raw\2018\2018\0228_2018.jpg,data\raw\2018\2018\0228_2018.txt,2018,416,416,416x416,0,False,False,empty
0269_2010,data\raw\2010\2010\0269_2010.jpg,data\raw\2010\2010\0269_2010.txt,2010,1024,1024,1024x1024,0,False,False,empty
0324_2010,data\raw\2010\2010\0324_2010.jpg,data\raw\2010\2010\0324_2010.txt,2010,1024,1024,1024x1024,2,True,True,mixed
0108_2010,data\raw\2010\2010\0108_2010.jpg,data\raw\2010\2010\0108_2010.txt,2010,1024,1024,1024x1024,0,False,False,empty
0052_2010,data\raw\2010\2010\0052_2010.jpg,data\raw\2010\2010\0052_2010.txt,2010,416,416,416x416,0,False,False,empty
0014_2017,data\raw\2017\2017\0014_2017.jpg,data\raw\2017\2017\0014_2017.txt,2017,416,416,416x416,2,True,False,milco_only
0159_2010,data\raw\2010\2010\0159_2010.jpg,data\raw\2010\2010\0159_2010.txt,2010,1024,1024,1024x1024,0,False,False,empty
0068_2017,data\raw\2017\2017\0068_2017.jpg,data\raw\2017\2017\0068_2017.txt,2017,1024,1024,1024x1024,0,False,False,empty
0037_2021,data\raw\2021\2021\0037_2021.jpg,data\raw\2021\2021\0037_2021.txt,2021,416,416,416x416,4,True,False,milco_only
0056_2017,data\raw\2017\2017\0056_2017.jpg,data\raw\2017\2017\0056_2017.txt,2017,1024,1024,1024x1024,0,False,False,empty
0267_2018,data\raw\2018\2018\0267_2018.jpg,data\raw\2018\2018\0267_2018.txt,2018,1024,1024,1024x1024,0,False,False,empty
0225_2018,data\raw\2018\2018\0225_2018.jpg,data\raw\2018\2018\0225_2018.txt,2018,1024,1024,1024x1024,0,False,False,empty
0406_2018,data\raw\2018\2018\0406_2018.jpg,data\raw\2018\2018\0406_2018.txt,2018,1024,1024,1024x1024,0,False,False,empty
0001_2015,data\raw\2015\2015\0001_2015.jpg,data\raw\2015\2015\0001_2015.txt,2015,1024,1024,1024x1024,6,True,True,mixed
0219_2018,data\raw\2018\2018\0219_2018.jpg,data\raw\2018\2018\0219_2018.txt,2018,416,416,416x416,0,False,False,empty
0184_2010,data\raw\2010\2010\0184_2010.jpg,data\raw\2010\2010\0184_2010.txt,2010,1024,1024,1024x1024,0,False,False,empty
0502_2018,data\raw\2018\2018\0502_2018.jpg,data\raw\2018\2018\0502_2018.txt,2018,416,416,416x416,0,False,False,empty
0117_2010,data\raw\2010\2010\0117_2010.jpg,data\raw\2010\2010\0117_2010.txt,2010,1024,1024,1024x1024,0,False,False,empty
0242_2018,data\raw\2018\2018\0242_2018.jpg,data\raw\2018\2018\0242_2018.txt,2018,1024,1024,1024x1024,0,False,False,empty
0302_2010,data\raw\2010\2010\0302_2010.jpg,data\raw\2010\2010\0302_2010.txt,2010,1024,1024,1024x1024,1,True,False,milco_only
0172_2010,data\raw\2010\2010\0172_2010.jpg,data\raw\2010\2010\0172_2010.txt,2010,1024,1024,1024x1024,0,False,False,empty
0107_2010,data\raw\2010\2010\0107_2010.jpg,data\raw\2010\2010\0107_2010.txt,2010,416,416,416x416,0,False,False,empty
0148_2010,data\raw\2010\2010\0148_2010.jpg,data\raw\2010\2010\0148_2010.txt,2010,1024,1024,1024x1024,0,False,False,empty
0104_2010,data\raw\2010\2010\0104_2010.jpg,data\raw\2010\2010\0104_2010.txt,2010,1024,1024,1024x1024,0,False,False,empty
0053_2018,data\raw\2018\2018\0053_2018.jpg,data\raw\2018\2018\0053_2018.txt,2018,416,416,416x416,0,False,False,empty
0463_2018,data\raw\2018\2018\0463_2018.jpg,data\raw\2018\2018\0463_2018.txt,2018,416,416,416x416,2,False,True,nombo_only
0329_2018,data\raw\2018\2018\0329_2018.jpg,data\raw\2018\2018\0329_2018.txt,2018,416,416,416x416,1,True,False,milco_only
0021_2018,data\raw\2018\2018\0021_2018.jpg,data\raw\2018\2018\0021_2018.txt,2018,1024,1024,1024x1024,1,True,False,milco_only
0394_2018,data\raw\2018\2018\0394_2018.jpg,data\raw\2018\2018\0394_2018.txt,2018,1024,1024,1024x1024,0,False,False,empty
0098_2018,data\raw\2018\2018\0098_2018.jpg,data\raw\2018\2018\0098_2018.txt,2018,416,416,416x416,0,False,False,empty
0081_2010,data\raw\2010\2010\0081_2010.jpg,data\raw\2010\2010\0081_2010.txt,2010,1024,1024,1024x1024,0,False,False,empty
0055_2017,data\raw\2017\2017\0055_2017.jpg,data\raw\2017\2017\0055_2017.txt,2017,416,416,416x416,0,False,False,empty
0392_2018,data\raw\2018\2018\0392_2018.jpg,data\raw\2018\2018\0392_2018.txt,2018,1024,1024,1024x1024,0,False,False,empty
0104_2015,data\raw\2015\2015\0104_2015.jpg,data\raw\2015\2015\0104_2015.txt,2015,416,416,416x416,3,True,True,mixed
0508_2018,data\raw\2018\2018\0508_2018.jpg,data\raw\2018\2018\0508_2018.txt,2018,416,416,416x416,0,False,False,empty
0059_2017,data\raw\2017\2017\0059_2017.jpg,data\raw\2017\2017\0059_2017.txt,2017,1024,1024,1024x1024,0,False,False,empty
0112_2015,data\raw\2015\2015\0112_2015.jpg,data\raw\2015\2015\0112_2015.txt,2015,1024,1024,1024x1024,4,True,False,milco_only
0427_2018,data\raw\2018\2018\0427_2018.jpg,data\raw\2018\2018\0427_2018.txt,2018,1024,1024,1024x1024,1,False,True,nombo_only
0308_2018,data\raw\2018\2018\0308_2018.jpg,data\raw\2018\2018\0308_2018.txt,2018,1024,1024,1024x1024,0,False,False,empty
0265_2010,data\raw\2010\2010\0265_2010.jpg,data\raw\2010\2010\0265_2010.txt,2010,1024,1024,1024x1024,0,False,False,empty
0072_2010,data\raw\2010\2010\0072_2010.jpg,data\raw\2010\2010\0072_2010.txt,2010,416,416,416x416,0,False,False,empty
0103_2018,data\raw\2018\2018\0103_2018.jpg,data\raw\2018\2018\0103_2018.txt,2018,416,416,416x416,0,False,False,empty
0174_2018,data\raw\2018\2018\0174_2018.jpg,data\raw\2018\2018\0174_2018.txt,2018,1024,1024,1024x1024,0,False,False,empty
0405_2018,data\raw\2018\2018\0405_2018.jpg,data\raw\2018\2018\0405_2018.txt,2018,1024,1024,1024x1024,0,False,False,empty
0022_2017,data\raw\2017\2017\0022_2017.jpg,data\raw\2017\2017\0022_2017.txt,2017,1024,1024,1024x1024,0,False,False,empty
0049_2010,data\raw\2010\2010\0049_2010.jpg,data\raw\2010\2010\0049_2010.txt,2010,416,416,416x416,0,False,False,empty
0359_2018,data\raw\2018\2018\0359_2018.jpg,data\raw\2018\2018\0359_2018.txt,2018,416,416,416x416,3,True,False,milco_only
0227_2018,data\raw\2018\2018\0227_2018.jpg,data\raw\2018\2018\0227_2018.txt,2018,1024,1024,1024x1024,0,False,False,empty
0058_2010,data\raw\2010\2010\0058_2010.jpg,data\raw\2010\2010\0058_2010.txt,2010,1024,1024,1024x1024,0,False,False,empty
0012_2018,data\raw\2018\2018\0012_2018.jpg,data\raw\2018\2018\0012_2018.txt,2018,416,416,416x416,0,False,False,empty
0395_2018,data\raw\2018\2018\0395_2018.jpg,data\raw\2018\2018\0395_2018.txt,2018,1024,1024,1024x1024,0,False,False,empty
0029_2017,data\raw\2017\2017\0029_2017.jpg,data\raw\2017\2017\0029_2017.txt,2017,1024,1024,1024x1024,0,False,False,empty
0076_2010,data\raw\2010\2010\0076_2010.jpg,data\raw\2010\2010\0076_2010.txt,2010,416,416,416x416,0,False,False,empty
0310_2010,data\raw\2010\2010\0310_2010.jpg,data\raw\2010\2010\0310_2010.txt,2010,1024,1024,1024x1024,0,False,False,empty
0132_2018,data\raw\2018\2018\0132_2018.jpg,data\raw\2018\2018\0132_2018.txt,2018,416,416,416x416,1,True,False,milco_only
0129_2018,data\raw\2018\2018\0129_2018.jpg,data\raw\2018\2018\0129_2018.txt,2018,1024,1024,1024x1024,0,False,False,empty
0030_2017,data\raw\2017\2017\0030_2017.jpg,data\raw\2017\2017\0030_2017.txt,2017,416,416,416x416,0,False,False,empty
0064_2010,data\raw\2010\2010\0064_2010.jpg,data\raw\2010\2010\0064_2010.txt,2010,1024,1024,1024x1024,0,False,False,empty
0039_2018,data\raw\2018\2018\0039_2018.jpg,data\raw\2018\2018\0039_2018.txt,2018,1024,1024,1024x1024,0,False,False,empty
0227_2010,data\raw\2010\2010\0227_2010.jpg,data\raw\2010\2010\0227_2010.txt,2010,1024,1024,1024x1024,0,False,False,empty
0389_2018,data\raw\2018\2018\0389_2018.jpg,data\raw\2018\2018\0389_2018.txt,2018,1024,1024,1024x1024,1,True,False,milco_only
0537_2018,data\raw\2018\2018\0537_2018.jpg,data\raw\2018\2018\0537_2018.txt,2018,416,416,416x416,0,False,False,empty
0010_2017,data\raw\2017\2017\0010_2017.jpg,data\raw\2017\2017\0010_2017.txt,2017,416,416,416x416,3,True,False,milco_only
0091_2017,data\raw\2017\2017\0091_2017.jpg,data\raw\2017\2017\0091_2017.txt,2017,416,416,416x416,0,False,False,empty
0066_2017,data\raw\2017\2017\0066_2017.jpg,data\raw\2017\2017\0066_2017.txt,2017,416,416,416x416,1,False,True,nombo_only
0295_2018,data\raw\2018\2018\0295_2018.jpg,data\raw\2018\2018\0295_2018.txt,2018,1024,1024,1024x1024,0,False,False,empty
0034_2010,data\raw\2010\2010\0034_2010.jpg,data\raw\2010\2010\0034_2010.txt,2010,416,416,416x416,0,False,False,empty
0052_2017,data\raw\2017\2017\0052_2017.jpg,data\raw\2017\2017\0052_2017.txt,2017,416,416,416x416,0,False,False,empty
0130_2010,data\raw\2010\2010\0130_2010.jpg,data\raw\2010\2010\0130_2010.txt,2010,416,416,416x416,0,False,False,empty
0316_2010,data\raw\2010\2010\0316_2010.jpg,data\raw\2010\2010\0316_2010.txt,2010,416,416,416x416,2,True,True,mixed
0037_2018,data\raw\2018\2018\0037_2018.jpg,data\raw\2018\2018\0037_2018.txt,2018,416,416,416x416,1,True,False,milco_only
0017_2017,data\raw\2017\2017\0017_2017.jpg,data\raw\2017\2017\0017_2017.txt,2017,1024,1024,1024x1024,0,False,False,empty
0082_2015,data\raw\2015\2015\0082_2015.jpg,data\raw\2015\2015\0082_2015.txt,2015,416,416,416x416,3,True,False,milco_only
0083_2010,data\raw\2010\2010\0083_2010.jpg,data\raw\2010\2010\0083_2010.txt,2010,1024,1024,1024x1024,0,False,False,empty
0221_2010,data\raw\2010\2010\0221_2010.jpg,data\raw\2010\2010\0221_2010.txt,2010,1024,1024,1024x1024,0,False,False,empty
0101_2010,data\raw\2010\2010\0101_2010.jpg,data\raw\2010\2010\0101_2010.txt,2010,416,416,416x416,0,False,False,empty
0149_2010,data\raw\2010\2010\0149_2010.jpg,data\raw\2010\2010\0149_2010.txt,2010,1024,1024,1024x1024,0,False,False,empty
0055_2015,data\raw\2015\2015\0055_2015.jpg,data\raw\2015\2015\0055_2015.txt,2015,1024,1024,1024x1024,13,True,True,mixed
0184_2018,data\raw\2018\2018\0184_2018.jpg,data\raw\2018\2018\0184_2018.txt,2018,1024,1024,1024x1024,0,False,False,empty
0155_2018,data\raw\2018\2018\0155_2018.jpg,data\raw\2018\2018\0155_2018.txt,2018,416,416,416x416,0,False,False,empty
0321_2010,data\raw\2010\2010\0321_2010.jpg,data\raw\2010\2010\0321_2010.txt,2010,1024,1024,1024x1024,0,False,False,empty
0137_2010,data\raw\2010\2010\0137_2010.jpg,data\raw\2010\2010\0137_2010.txt,2010,1024,1024,1024x1024,0,False,False,empty
0333_2018,data\raw\2018\2018\0333_2018.jpg,data\raw\2018\2018\0333_2018.txt,2018,1024,1024,1024x1024,2,True,False,milco_only
0032_2018,data\raw\2018\2018\0032_2018.jpg,data\raw\2018\2018\0032_2018.txt,2018,1024,1024,1024x1024,0,False,False,empty
0092_2010,data\raw\2010\2010\0092_2010.jpg,data\raw\2010\2010\0092_2010.txt,2010,1024,1024,1024x1024,0,False,False,empty
0306_2018,data\raw\2018\2018\0306_2018.jpg,data\raw\2018\2018\0306_2018.txt,2018,1024,1024,1024x1024,0,False,False,empty
0120_2010,data\raw\2010\2010\0120_2010.jpg,data\raw\2010\2010\0120_2010.txt,2010,416,416,416x416,0,False,False,empty
0036_2017,data\raw\2017\2017\0036_2017.jpg,data\raw\2017\2017\0036_2017.txt,2017,1024,1024,1024x1024,0,False,False,empty
0262_2018,data\raw\2018\2018\0262_2018.jpg,data\raw\2018\2018\0262_2018.txt,2018,416,416,416x416,0,False,False,empty
0206_2018,data\raw\2018\2018\0206_2018.jpg,data\raw\2018\2018\0206_2018.txt,2018,416,416,416x416,0,False,False,empty
0354_2018,data\raw\2018\2018\0354_2018.jpg,data\raw\2018\2018\0354_2018.txt,2018,1024,1024,1024x1024,0,False,False,empty
0020_2010,data\raw\2010\2010\0020_2010.jpg,data\raw\2010\2010\0020_2010.txt,2010,1024,1024,1024x1024,0,False,False,empty
0458_2018,data\raw\2018\2018\0458_2018.jpg,data\raw\2018\2018\0458_2018.txt,2018,416,416,416x416,2,False,True,nombo_only
0036_2015,data\raw\2015\2015\0036_2015.jpg,data\raw\2015\2015\0036_2015.txt,2015,416,416,416x416,1,True,False,milco_only
0027_2017,data\raw\2017\2017\0027_2017.jpg,data\raw\2017\2017\0027_2017.txt,2017,1024,1024,1024x1024,0,False,False,empty
0181_2018,data\raw\2018\2018\0181_2018.jpg,data\raw\2018\2018\0181_2018.txt,2018,416,416,416x416,0,False,False,empty
0557_2018,data\raw\2018\2018\0557_2018.jpg,data\raw\2018\2018\0557_2018.txt,2018,416,416,416x416,0,False,False,empty
0544_2018,data\raw\2018\2018\0544_2018.jpg,data\raw\2018\2018\0544_2018.txt,2018,416,416,416x416,0,False,False,empty
0240_2010,data\raw\2010\2010\0240_2010.jpg,data\raw\2010\2010\0240_2010.txt,2010,1024,1024,1024x1024,0,False,False,empty
0035_2017,data\raw\2017\2017\0035_2017.jpg,data\raw\2017\2017\0035_2017.txt,2017,416,416,416x416,0,False,False,empty
0033_2015,data\raw\2015\2015\0033_2015.jpg,data\raw\2015\2015\0033_2015.txt,2015,416,416,416x416,3,True,True,mixed
0058_2018,data\raw\2018\2018\0058_2018.jpg,data\raw\2018\2018\0058_2018.txt,2018,1024,1024,1024x1024,0,False,False,empty
0048_2021,data\raw\2021\2021\0048_2021.jpg,data\raw\2021\2021\0048_2021.txt,2021,416,416,416x416,0,False,False,empty
0285_2018,data\raw\2018\2018\0285_2018.jpg,data\raw\2018\2018\0285_2018.txt,2018,1024,1024,1024x1024,1,False,True,nombo_only
0442_2018,data\raw\2018\2018\0442_2018.jpg,data\raw\2018\2018\0442_2018.txt,2018,416,416,416x416,2,True,False,milco_only
0495_2018,data\raw\2018\2018\0495_2018.jpg,data\raw\2018\2018\0495_2018.txt,2018,416,416,416x416,0,False,False,empty
0317_2010,data\raw\2010\2010\0317_2010.jpg,data\raw\2010\2010\0317_2010.txt,2010,1024,1024,1024x1024,1,False,True,nombo_only
0144_2018,data\raw\2018\2018\0144_2018.jpg,data\raw\2018\2018\0144_2018.txt,2018,1024,1024,1024x1024,0,False,False,empty
0396_2018,data\raw\2018\2018\0396_2018.jpg,data\raw\2018\2018\0396_2018.txt,2018,416,416,416x416,0,False,False,empty
0098_2015,data\raw\2015\2015\0098_2015.jpg,data\raw\2015\2015\0098_2015.txt,2015,1024,1024,1024x1024,1,True,False,milco_only
0001_2021,data\raw\2021\2021\0001_2021.jpg,data\raw\2021\2021\0001_2021.txt,2021,416,416,416x416,2,True,False,milco_only
0010_2015,data\raw\2015\2015\0010_2015.jpg,data\raw\2015\2015\0010_2015.txt,2015,416,416,416x416,6,True,True,mixed
0007_2017,data\raw\2017\2017\0007_2017.jpg,data\raw\2017\2017\0007_2017.txt,2017,416,416,416x416,1,True,False,milco_only
0062_2018,data\raw\2018\2018\0062_2018.jpg,data\raw\2018\2018\0062_2018.txt,2018,1024,1024,1024x1024,0,False,False,empty
0137_2018,data\raw\2018\2018\0137_2018.jpg,data\raw\2018\2018\0137_2018.txt,2018,416,416,416x416,1,True,False,milco_only
0238_2018,data\raw\2018\2018\0238_2018.jpg,data\raw\2018\2018\0238_2018.txt,2018,416,416,416x416,0,False,False,empty
0226_2018,data\raw\2018\2018\0226_2018.jpg,data\raw\2018\2018\0226_2018.txt,2018,416,416,416x416,0,False,False,empty
0034_2017,data\raw\2017\2017\0034_2017.jpg,data\raw\2017\2017\0034_2017.txt,2017,416,416,416x416,0,False,False,empty
0115_2018,data\raw\2018\2018\0115_2018.jpg,data\raw\2018\2018\0115_2018.txt,2018,416,416,416x416,0,False,False,empty
0282_2010,data\raw\2010\2010\0282_2010.jpg,data\raw\2010\2010\0282_2010.txt,2010,1024,1024,1024x1024,0,False,False,empty
0041_2017,data\raw\2017\2017\0041_2017.jpg,data\raw\2017\2017\0041_2017.txt,2017,416,416,416x416,1,True,False,milco_only
0175_2010,data\raw\2010\2010\0175_2010.jpg,data\raw\2010\2010\0175_2010.txt,2010,416,416,416x416,0,False,False,empty
0101_2015,data\raw\2015\2015\0101_2015.jpg,data\raw\2015\2015\0101_2015.txt,2015,1024,1024,1024x1024,1,False,True,nombo_only
0093_2015,data\raw\2015\2015\0093_2015.jpg,data\raw\2015\2015\0093_2015.txt,2015,1024,1024,1024x1024,1,True,False,milco_only
0086_2015,data\raw\2015\2015\0086_2015.jpg,data\raw\2015\2015\0086_2015.txt,2015,1024,1024,1024x1024,3,True,False,milco_only
0115_2010,data\raw\2010\2010\0115_2010.jpg,data\raw\2010\2010\0115_2010.txt,2010,1024,1024,1024x1024,0,False,False,empty
0363_2018,data\raw\2018\2018\0363_2018.jpg,data\raw\2018\2018\0363_2018.txt,2018,416,416,416x416,1,True,False,milco_only
0224_2010,data\raw\2010\2010\0224_2010.jpg,data\raw\2010\2010\0224_2010.txt,2010,416,416,416x416,0,False,False,empty
0087_2010,data\raw\2010\2010\0087_2010.jpg,data\raw\2010\2010\0087_2010.txt,2010,416,416,416x416,0,False,False,empty
0015_2017,data\raw\2017\2017\0015_2017.jpg,data\raw\2017\2017\0015_2017.txt,2017,1024,1024,1024x1024,0,False,False,empty
0327_2010,data\raw\2010\2010\0327_2010.jpg,data\raw\2010\2010\0327_2010.txt,2010,1024,1024,1024x1024,1,False,True,nombo_only
0062_2017,data\raw\2017\2017\0062_2017.jpg,data\raw\2017\2017\0062_2017.txt,2017,416,416,416x416,0,False,False,empty
0003_2018,data\raw\2018\2018\0003_2018.jpg,data\raw\2018\2018\0003_2018.txt,2018,1024,1024,1024x1024,0,False,False,empty
0028_2018,data\raw\2018\2018\0028_2018.jpg,data\raw\2018\2018\0028_2018.txt,2018,1024,1024,1024x1024,0,False,False,empty
0345_2010,data\raw\2010\2010\0345_2010.jpg,data\raw\2010\2010\0345_2010.txt,2010,1024,1024,1024x1024,0,False,False,empty
0006_2010,data\raw\2010\2010\0006_2010.jpg,data\raw\2010\2010\0006_2010.txt,2010,1024,1024,1024x1024,0,False,False,empty
0261_2010,data\raw\2010\2010\0261_2010.jpg,data\raw\2010\2010\0261_2010.txt,2010,1024,1024,1024x1024,0,False,False,empty
0194_2010,data\raw\2010\2010\0194_2010.jpg,data\raw\2010\2010\0194_2010.txt,2010,1024,1024,1024x1024,0,False,False,empty
0460_2018,data\raw\2018\2018\0460_2018.jpg,data\raw\2018\2018\0460_2018.txt,2018,416,416,416x416,3,False,True,nombo_only
0325_2010,data\raw\2010\2010\0325_2010.jpg,data\raw\2010\2010\0325_2010.txt,2010,416,416,416x416,2,True,True,mixed
0347_2018,data\raw\2018\2018\0347_2018.jpg,data\raw\2018\2018\0347_2018.txt,2018,1024,1024,1024x1024,0,False,False,empty
0446_2018,data\raw\2018\2018\0446_2018.jpg,data\raw\2018\2018\0446_2018.txt,2018,416,416,416x416,0,False,False,empty
0020_2021,data\raw\2021\2021\0020_2021.jpg,data\raw\2021\2021\0020_2021.txt,2021,416,416,416x416,2,True,False,milco_only
0509_2018,data\raw\2018\2018\0509_2018.jpg,data\raw\2018\2018\0509_2018.txt,2018,416,416,416x416,0,False,False,empty
0019_2010,data\raw\2010\2010\0019_2010.jpg,data\raw\2010\2010\0019_2010.txt,2010,416,416,416x416,0,False,False,empty
0047_2010,data\raw\2010\2010\0047_2010.jpg,data\raw\2010\2010\0047_2010.txt,2010,1024,1024,1024x1024,0,False,False,empty
0058_2017,data\raw\2017\2017\0058_2017.jpg,data\raw\2017\2017\0058_2017.txt,2017,416,416,416x416,0,False,False,empty
0258_2010,data\raw\2010\2010\0258_2010.jpg,data\raw\2010\2010\0258_2010.txt,2010,1024,1024,1024x1024,0,False,False,empty
0313_2010,data\raw\2010\2010\0313_2010.jpg,data\raw\2010\2010\0313_2010.txt,2010,416,416,416x416,1,False,True,nombo_only
0044_2010,data\raw\2010\2010\0044_2010.jpg,data\raw\2010\2010\0044_2010.txt,2010,1024,1024,1024x1024,0,False,False,empty
0355_2018,data\raw\2018\2018\0355_2018.jpg,data\raw\2018\2018\0355_2018.txt,2018,416,416,416x416,0,False,False,empty
0257_2010,data\raw\2010\2010\0257_2010.jpg,data\raw\2010\2010\0257_2010.txt,2010,1024,1024,1024x1024,2,True,False,milco_only
0178_2018,data\raw\2018\2018\0178_2018.jpg,data\raw\2018\2018\0178_2018.txt,2018,1024,1024,1024x1024,0,False,False,empty
0277_2018,data\raw\2018\2018\0277_2018.jpg,data\raw\2018\2018\0277_2018.txt,2018,416,416,416x416,0,False,False,empty
0166_2010,data\raw\2010\2010\0166_2010.jpg,data\raw\2010\2010\0166_2010.txt,2010,416,416,416x416,0,False,False,empty
0051_2017,data\raw\2017\2017\0051_2017.jpg,data\raw\2017\2017\0051_2017.txt,2017,1024,1024,1024x1024,0,False,False,empty
0140_2018,data\raw\2018\2018\0140_2018.jpg,data\raw\2018\2018\0140_2018.txt,2018,1024,1024,1024x1024,0,False,False,empty
0487_2018,data\raw\2018\2018\0487_2018.jpg,data\raw\2018\2018\0487_2018.txt,2018,416,416,416x416,0,False,False,empty
0180_2010,data\raw\2010\2010\0180_2010.jpg,data\raw\2010\2010\0180_2010.txt,2010,1024,1024,1024x1024,0,False,False,empty
0171_2018,data\raw\2018\2018\0171_2018.jpg,data\raw\2018\2018\0171_2018.txt,2018,1024,1024,1024x1024,0,False,False,empty
0528_2018,data\raw\2018\2018\0528_2018.jpg,data\raw\2018\2018\0528_2018.txt,2018,416,416,416x416,0,False,False,empty
0551_2018,data\raw\2018\2018\0551_2018.jpg,data\raw\2018\2018\0551_2018.txt,2018,416,416,416x416,0,False,False,empty
0434_2018,data\raw\2018\2018\0434_2018.jpg,data\raw\2018\2018\0434_2018.txt,2018,416,416,416x416,2,True,True,mixed
0247_2018,data\raw\2018\2018\0247_2018.jpg,data\raw\2018\2018\0247_2018.txt,2018,416,416,416x416,0,False,False,empty
0163_2018,data\raw\2018\2018\0163_2018.jpg,data\raw\2018\2018\0163_2018.txt,2018,1024,1024,1024x1024,0,False,False,empty
0218_2010,data\raw\2010\2010\0218_2010.jpg,data\raw\2010\2010\0218_2010.txt,2010,416,416,416x416,0,False,False,empty
0330_2010,data\raw\2010\2010\0330_2010.jpg,data\raw\2010\2010\0330_2010.txt,2010,416,416,416x416,0,False,False,empty
0037_2010,data\raw\2010\2010\0037_2010.jpg,data\raw\2010\2010\0037_2010.txt,2010,416,416,416x416,0,False,False,empty
0305_2018,data\raw\2018\2018\0305_2018.jpg,data\raw\2018\2018\0305_2018.txt,2018,416,416,416x416,0,False,False,empty
0152_2010,data\raw\2010\2010\0152_2010.jpg,data\raw\2010\2010\0152_2010.txt,2010,1024,1024,1024x1024,0,False,False,empty
0065_2015,data\raw\2015\2015\0065_2015.jpg,data\raw\2015\2015\0065_2015.txt,2015,1024,1024,1024x1024,5,True,True,mixed
0414_2018,data\raw\2018\2018\0414_2018.jpg,data\raw\2018\2018\0414_2018.txt,2018,1024,1024,1024x1024,1,False,True,nombo_only
0233_2018,data\raw\2018\2018\0233_2018.jpg,data\raw\2018\2018\0233_2018.txt,2018,1024,1024,1024x1024,0,False,False,empty
0331_2018,data\raw\2018\2018\0331_2018.jpg,data\raw\2018\2018\0331_2018.txt,2018,1024,1024,1024x1024,2,True,False,milco_only
0370_2018,data\raw\2018\2018\0370_2018.jpg,data\raw\2018\2018\0370_2018.txt,2018,416,416,416x416,1,True,False,milco_only
0550_2018,data\raw\2018\2018\0550_2018.jpg,data\raw\2018\2018\0550_2018.txt,2018,416,416,416x416,0,False,False,empty
0090_2010,data\raw\2010\2010\0090_2010.jpg,data\raw\2010\2010\0090_2010.txt,2010,416,416,416x416,0,False,False,empty
0139_2018,data\raw\2018\2018\0139_2018.jpg,data\raw\2018\2018\0139_2018.txt,2018,1024,1024,1024x1024,0,False,False,empty
0019_2018,data\raw\2018\2018\0019_2018.jpg,data\raw\2018\2018\0019_2018.txt,2018,416,416,416x416,0,False,False,empty
0255_2010,data\raw\2010\2010\0255_2010.jpg,data\raw\2010\2010\0255_2010.txt,2010,1024,1024,1024x1024,0,False,False,empty
0322_2010,data\raw\2010\2010\0322_2010.jpg,data\raw\2010\2010\0322_2010.txt,2010,1024,1024,1024x1024,1,True,False,milco_only
0541_2018,data\raw\2018\2018\0541_2018.jpg,data\raw\2018\2018\0541_2018.txt,2018,416,416,416x416,0,False,False,empty
0062_2015,data\raw\2015\2015\0062_2015.jpg,data\raw\2015\2015\0062_2015.txt,2015,416,416,416x416,6,True,True,mixed
0038_2010,data\raw\2010\2010\0038_2010.jpg,data\raw\2010\2010\0038_2010.txt,2010,1024,1024,1024x1024,0,False,False,empty
0028_2017,data\raw\2017\2017\0028_2017.jpg,data\raw\2017\2017\0028_2017.txt,2017,1024,1024,1024x1024,0,False,False,empty
0079_2018,data\raw\2018\2018\0079_2018.jpg,data\raw\2018\2018\0079_2018.txt,2018,1024,1024,1024x1024,2,True,True,mixed
0234_2010,data\raw\2010\2010\0234_2010.jpg,data\raw\2010\2010\0234_2010.txt,2010,416,416,416x416,0,False,False,empty
0106_2018,data\raw\2018\2018\0106_2018.jpg,data\raw\2018\2018\0106_2018.txt,2018,1024,1024,1024x1024,0,False,False,empty
0513_2018,data\raw\2018\2018\0513_2018.jpg,data\raw\2018\2018\0513_2018.txt,2018,416,416,416x416,0,False,False,empty
0304_2010,data\raw\2010\2010\0304_2010.jpg,data\raw\2010\2010\0304_2010.txt,2010,1024,1024,1024x1024,0,False,False,empty
0005_2017,data\raw\2017\2017\0005_2017.jpg,data\raw\2017\2017\0005_2017.txt,2017,416,416,416x416,1,True,False,milco_only
0048_2017,data\raw\2017\2017\0048_2017.jpg,data\raw\2017\2017\0048_2017.txt,2017,416,416,416x416,0,False,False,empty
0431_2018,data\raw\2018\2018\0431_2018.jpg,data\raw\2018\2018\0431_2018.txt,2018,416,416,416x416,0,False,False,empty
0293_2018,data\raw\2018\2018\0293_2018.jpg,data\raw\2018\2018\0293_2018.txt,2018,1024,1024,1024x1024,0,False,False,empty
0007_2018,data\raw\2018\2018\0007_2018.jpg,data\raw\2018\2018\0007_2018.txt,2018,1024,1024,1024x1024,0,False,False,empty
0043_2010,data\raw\2010\2010\0043_2010.jpg,data\raw\2010\2010\0043_2010.txt,2010,1024,1024,1024x1024,0,False,False,empty
0056_2018,data\raw\2018\2018\0056_2018.jpg,data\raw\2018\2018\0056_2018.txt,2018,416,416,416x416,0,False,False,empty
0072_2018,data\raw\2018\2018\0072_2018.jpg,data\raw\2018\2018\0072_2018.txt,2018,416,416,416x416,0,False,False,empty
0096_2015,data\raw\2015\2015\0096_2015.jpg,data\raw\2015\2015\0096_2015.txt,2015,416,416,416x416,1,True,False,milco_only
0252_2018,data\raw\2018\2018\0252_2018.jpg,data\raw\2018\2018\0252_2018.txt,2018,416,416,416x416,0,False,False,empty
0008_2021,data\raw\2021\2021\0008_2021.jpg,data\raw\2021\2021\0008_2021.txt,2021,416,416,416x416,3,True,False,milco_only
0157_2018,data\raw\2018\2018\0157_2018.jpg,data\raw\2018\2018\0157_2018.txt,2018,416,416,416x416,0,False,False,empty
0061_2018,data\raw\2018\2018\0061_2018.jpg,data\raw\2018\2018\0061_2018.txt,2018,416,416,416x416,0,False,False,empty
0023_2017,data\raw\2017\2017\0023_2017.jpg,data\raw\2017\2017\0023_2017.txt,2017,416,416,416x416,0,False,False,empty
0279_2010,data\raw\2010\2010\0279_2010.jpg,data\raw\2010\2010\0279_2010.txt,2010,416,416,416x416,0,False,False,empty
0124_2010,data\raw\2010\2010\0124_2010.jpg,data\raw\2010\2010\0124_2010.txt,2010,416,416,416x416,0,False,False,empty
0428_2018,data\raw\2018\2018\0428_2018.jpg,data\raw\2018\2018\0428_2018.txt,2018,1024,1024,1024x1024,1,True,False,milco_only
0037_2015,data\raw\2015\2015\0037_2015.jpg,data\raw\2015\2015\0037_2015.txt,2015,1024,1024,1024x1024,1,True,False,milco_only
0071_2017,data\raw\2017\2017\0071_2017.jpg,data\raw\2017\2017\0071_2017.txt,2017,416,416,416x416,0,False,False,empty
0004_2021,data\raw\2021\2021\0004_2021.jpg,data\raw\2021\2021\0004_2021.txt,2021,416,416,416x416,0,False,False,empty
0210_2010,data\raw\2010\2010\0210_2010.jpg,data\raw\2010\2010\0210_2010.txt,2010,1024,1024,1024x1024,0,False,False,empty
0217_2018,data\raw\2018\2018\0217_2018.jpg,data\raw\2018\2018\0217_2018.txt,2018,1024,1024,1024x1024,0,False,False,empty
0106_2015,data\raw\2015\2015\0106_2015.jpg,data\raw\2015\2015\0106_2015.txt,2015,416,416,416x416,3,True,True,mixed
0213_2010,data\raw\2010\2010\0213_2010.jpg,data\raw\2010\2010\0213_2010.txt,2010,1024,1024,1024x1024,0,False,False,empty
0099_2018,data\raw\2018\2018\0099_2018.jpg,data\raw\2018\2018\0099_2018.txt,2018,1024,1024,1024x1024,0,False,False,empty
0298_2010,data\raw\2010\2010\0298_2010.jpg,data\raw\2010\2010\0298_2010.txt,2010,416,416,416x416,0,False,False,empty
0186_2010,data\raw\2010\2010\0186_2010.jpg,data\raw\2010\2010\0186_2010.txt,2010,416,416,416x416,0,False,False,empty
0533_2018,data\raw\2018\2018\0533_2018.jpg,data\raw\2018\2018\0533_2018.txt,2018,416,416,416x416,0,False,False,empty
0198_2010,data\raw\2010\2010\0198_2010.jpg,data\raw\2010\2010\0198_2010.txt,2010,416,416,416x416,0,False,False,empty
0082_2010,data\raw\2010\2010\0082_2010.jpg,data\raw\2010\2010\0082_2010.txt,2010,416,416,416x416,0,False,False,empty
0188_2018,data\raw\2018\2018\0188_2018.jpg,data\raw\2018\2018\0188_2018.txt,2018,416,416,416x416,0,False,False,empty
0089_2018,data\raw\2018\2018\0089_2018.jpg,data\raw\2018\2018\0089_2018.txt,2018,1024,1024,1024x1024,0,False,False,empty
0046_2010,data\raw\2010\2010\0046_2010.jpg,data\raw\2010\2010\0046_2010.txt,2010,416,416,416x416,0,False,False,empty
0020_2015,data\raw\2015\2015\0020_2015.jpg,data\raw\2015\2015\0020_2015.txt,2015,416,416,416x416,2,True,True,mixed
0047_2018,data\raw\2018\2018\0047_2018.jpg,data\raw\2018\2018\0047_2018.txt,2018,416,416,416x416,0,False,False,empty
0245_2018,data\raw\2018\2018\0245_2018.jpg,data\raw\2018\2018\0245_2018.txt,2018,416,416,416x416,0,False,False,empty
0093_2018,data\raw\2018\2018\0093_2018.jpg,data\raw\2018\2018\0093_2018.txt,2018,416,416,416x416,0,False,False,empty
0209_2010,data\raw\2010\2010\0209_2010.jpg,data\raw\2010\2010\0209_2010.txt,2010,416,416,416x416,0,False,False,empty
0554_2018,data\raw\2018\2018\0554_2018.jpg,data\raw\2018\2018\0554_2018.txt,2018,416,416,416x416,0,False,False,empty
0085_2015,data\raw\2015\2015\0085_2015.jpg,data\raw\2015\2015\0085_2015.txt,2015,416,416,416x416,2,True,False,milco_only
0177_2018,data\raw\2018\2018\0177_2018.jpg,data\raw\2018\2018\0177_2018.txt,2018,1024,1024,1024x1024,0,False,False,empty
0161_2010,data\raw\2010\2010\0161_2010.jpg,data\raw\2010\2010\0161_2010.txt,2010,416,416,416x416,0,False,False,empty
0060_2018,data\raw\2018\2018\0060_2018.jpg,data\raw\2018\2018\0060_2018.txt,2018,1024,1024,1024x1024,0,False,False,empty
0527_2018,data\raw\2018\2018\0527_2018.jpg,data\raw\2018\2018\0527_2018.txt,2018,416,416,416x416,0,False,False,empty
0054_2010,data\raw\2010\2010\0054_2010.jpg,data\raw\2010\2010\0054_2010.txt,2010,416,416,416x416,0,False,False,empty
0020_2017,data\raw\2017\2017\0020_2017.jpg,data\raw\2017\2017\0020_2017.txt,2017,416,416,416x416,0,False,False,empty
0523_2018,data\raw\2018\2018\0523_2018.jpg,data\raw\2018\2018\0523_2018.txt,2018,416,416,416x416,0,False,False,empty
0003_2021,data\raw\2021\2021\0003_2021.jpg,data\raw\2021\2021\0003_2021.txt,2021,416,416,416x416,2,True,False,milco_only
0144_2010,data\raw\2010\2010\0144_2010.jpg,data\raw\2010\2010\0144_2010.txt,2010,1024,1024,1024x1024,0,False,False,empty
0235_2010,data\raw\2010\2010\0235_2010.jpg,data\raw\2010\2010\0235_2010.txt,2010,416,416,416x416,0,False,False,empty
0151_2018,data\raw\2018\2018\0151_2018.jpg,data\raw\2018\2018\0151_2018.txt,2018,1024,1024,1024x1024,0,False,False,empty
0182_2018,data\raw\2018\2018\0182_2018.jpg,data\raw\2018\2018\0182_2018.txt,2018,1024,1024,1024x1024,0,False,False,empty
0273_2010,data\raw\2010\2010\0273_2010.jpg,data\raw\2010\2010\0273_2010.txt,2010,1024,1024,1024x1024,0,False,False,empty
0167_2010,data\raw\2010\2010\0167_2010.jpg,data\raw\2010\2010\0167_2010.txt,2010,1024,1024,1024x1024,0,False,False,empty
0218_2018,data\raw\2018\2018\0218_2018.jpg,data\raw\2018\2018\0218_2018.txt,2018,1024,1024,1024x1024,0,False,False,empty
0067_2015,data\raw\2015\2015\0067_2015.jpg,data\raw\2015\2015\0067_2015.txt,2015,1024,1024,1024x1024,3,True,True,mixed
0007_2010,data\raw\2010\2010\0007_2010.jpg,data\raw\2010\2010\0007_2010.txt,2010,1024,1024,1024x1024,0,False,False,empty
0022_2015,data\raw\2015\2015\0022_2015.jpg,data\raw\2015\2015\0022_2015.txt,2015,1024,1024,1024x1024,2,True,False,milco_only
0307_2018,data\raw\2018\2018\0307_2018.jpg,data\raw\2018\2018\0307_2018.txt,2018,416,416,416x416,0,False,False,empty
0013_2015,data\raw\2015\2015\0013_2015.jpg,data\raw\2015\2015\0013_2015.txt,2015,1024,1024,1024x1024,5,True,True,mixed
0118_2010,data\raw\2010\2010\0118_2010.jpg,data\raw\2010\2010\0118_2010.txt,2010,416,416,416x416,0,False,False,empty
0111_2015,data\raw\2015\2015\0111_2015.jpg,data\raw\2015\2015\0111_2015.txt,2015,416,416,416x416,6,True,True,mixed
0121_2010,data\raw\2010\2010\0121_2010.jpg,data\raw\2010\2010\0121_2010.txt,2010,1024,1024,1024x1024,0,False,False,empty
0172_2018,data\raw\2018\2018\0172_2018.jpg,data\raw\2018\2018\0172_2018.txt,2018,416,416,416x416,0,False,False,empty
0189_2010,data\raw\2010\2010\0189_2010.jpg,data\raw\2010\2010\0189_2010.txt,2010,416,416,416x416,0,False,False,empty
0041_2021,data\raw\2021\2021\0041_2021.jpg,data\raw\2021\2021\0041_2021.txt,2021,416,416,416x416,1,True,False,milco_only
0140_2010,data\raw\2010\2010\0140_2010.jpg,data\raw\2010\2010\0140_2010.txt,2010,1024,1024,1024x1024,0,False,False,empty
0237_2010,data\raw\2010\2010\0237_2010.jpg,data\raw\2010\2010\0237_2010.txt,2010,1024,1024,1024x1024,0,False,False,empty
0466_2018,data\raw\2018\2018\0466_2018.jpg,data\raw\2018\2018\0466_2018.txt,2018,416,416,416x416,0,False,False,empty
0041_2018,data\raw\2018\2018\0041_2018.jpg,data\raw\2018\2018\0041_2018.txt,2018,1024,1024,1024x1024,0,False,False,empty
0067_2017,data\raw\2017\2017\0067_2017.jpg,data\raw\2017\2017\0067_2017.txt,2017,1024,1024,1024x1024,1,False,True,nombo_only
0232_2010,data\raw\2010\2010\0232_2010.jpg,data\raw\2010\2010\0232_2010.txt,2010,416,416,416x416,0,False,False,empty
0032_2015,data\raw\2015\2015\0032_2015.jpg,data\raw\2015\2015\0032_2015.txt,2015,1024,1024,1024x1024,3,True,True,mixed
0377_2018,data\raw\2018\2018\0377_2018.jpg,data\raw\2018\2018\0377_2018.txt,2018,416,416,416x416,1,True,False,milco_only
0024_2010,data\raw\2010\2010\0024_2010.jpg,data\raw\2010\2010\0024_2010.txt,2010,416,416,416x416,0,False,False,empty
0477_2018,data\raw\2018\2018\0477_2018.jpg,data\raw\2018\2018\0477_2018.txt,2018,416,416,416x416,0,False,False,empty
0296_2010,data\raw\2010\2010\0296_2010.jpg,data\raw\2010\2010\0296_2010.txt,2010,1024,1024,1024x1024,0,False,False,empty
0139_2010,data\raw\2010\2010\0139_2010.jpg,data\raw\2010\2010\0139_2010.txt,2010,1024,1024,1024x1024,0,False,False,empty
0105_2018,data\raw\2018\2018\0105_2018.jpg,data\raw\2018\2018\0105_2018.txt,2018,416,416,416x416,0,False,False,empty
0036_2021,data\raw\2021\2021\0036_2021.jpg,data\raw\2021\2021\0036_2021.txt,2021,416,416,416x416,0,False,False,empty
0009_2015,data\raw\2015\2015\0009_2015.jpg,data\raw\2015\2015\0009_2015.txt,2015,1024,1024,1024x1024,6,True,True,mixed
0045_2015,data\raw\2015\2015\0045_2015.jpg,data\raw\2015\2015\0045_2015.txt,2015,416,416,416x416,1,True,False,milco_only
0326_2010,data\raw\2010\2010\0326_2010.jpg,data\raw\2010\2010\0326_2010.txt,2010,1024,1024,1024x1024,0,False,False,empty
0230_2018,data\raw\2018\2018\0230_2018.jpg,data\raw\2018\2018\0230_2018.txt,2018,416,416,416x416,0,False,False,empty
0032_2017,data\raw\2017\2017\0032_2017.jpg,data\raw\2017\2017\0032_2017.txt,2017,416,416,416x416,0,False,False,empty
0083_2018,data\raw\2018\2018\0083_2018.jpg,data\raw\2018\2018\0083_2018.txt,2018,416,416,416x416,1,False,True,nombo_only
0529_2018,data\raw\2018\2018\0529_2018.jpg,data\raw\2018\2018\0529_2018.txt,2018,416,416,416x416,0,False,False,empty
0031_2015,data\raw\2015\2015\0031_2015.jpg,data\raw\2015\2015\0031_2015.txt,2015,1024,1024,1024x1024,1,True,False,milco_only
0100_2010,data\raw\2010\2010\0100_2010.jpg,data\raw\2010\2010\0100_2010.txt,2010,1024,1024,1024x1024,0,False,False,empty
0026_2021,data\raw\2021\2021\0026_2021.jpg,data\raw\2021\2021\0026_2021.txt,2021,416,416,416x416,1,True,False,milco_only
0168_2010,data\raw\2010\2010\0168_2010.jpg,data\raw\2010\2010\0168_2010.txt,2010,416,416,416x416,0,False,False,empty
0031_2010,data\raw\2010\2010\0031_2010.jpg,data\raw\2010\2010\0031_2010.txt,2010,416,416,416x416,0,False,False,empty
0412_2018,data\raw\2018\2018\0412_2018.jpg,data\raw\2018\2018\0412_2018.txt,2018,416,416,416x416,1,True,False,milco_only
0378_2018,data\raw\2018\2018\0378_2018.jpg,data\raw\2018\2018\0378_2018.txt,2018,1024,1024,1024x1024,1,True,False,milco_only
0078_2010,data\raw\2010\2010\0078_2010.jpg,data\raw\2010\2010\0078_2010.txt,2010,416,416,416x416,0,False,False,empty
0235_2018,data\raw\2018\2018\0235_2018.jpg,data\raw\2018\2018\0235_2018.txt,2018,416,416,416x416,0,False,False,empty
0012_2021,data\raw\2021\2021\0012_2021.jpg,data\raw\2021\2021\0012_2021.txt,2021,416,416,416x416,2,True,False,milco_only
0100_2018,data\raw\2018\2018\0100_2018.jpg,data\raw\2018\2018\0100_2018.txt,2018,416,416,416x416,0,False,False,empty
0229_2010,data\raw\2010\2010\0229_2010.jpg,data\raw\2010\2010\0229_2010.txt,2010,416,416,416x416,0,False,False,empty
0375_2018,data\raw\2018\2018\0375_2018.jpg,data\raw\2018\2018\0375_2018.txt,2018,1024,1024,1024x1024,1,True,False,milco_only
0006_2018,data\raw\2018\2018\0006_2018.jpg,data\raw\2018\2018\0006_2018.txt,2018,1024,1024,1024x1024,0,False,False,empty
0283_2010,data\raw\2010\2010\0283_2010.jpg,data\raw\2010\2010\0283_2010.txt,2010,1024,1024,1024x1024,0,False,False,empty
0075_2015,data\raw\2015\2015\0075_2015.jpg,data\raw\2015\2015\0075_2015.txt,2015,416,416,416x416,4,True,True,mixed
0470_2018,data\raw\2018\2018\0470_2018.jpg,data\raw\2018\2018\0470_2018.txt,2018,416,416,416x416,0,False,False,empty
0536_2018,data\raw\2018\2018\0536_2018.jpg,data\raw\2018\2018\0536_2018.txt,2018,416,416,416x416,0,False,False,empty
0368_2018,data\raw\2018\2018\0368_2018.jpg,data\raw\2018\2018\0368_2018.txt,2018,1024,1024,1024x1024,2,True,False,milco_only
0035_2021,data\raw\2021\2021\0035_2021.jpg,data\raw\2021\2021\0035_2021.txt,2021,416,416,416x416,3,True,False,milco_only
0187_2018,data\raw\2018\2018\0187_2018.jpg,data\raw\2018\2018\0187_2018.txt,2018,1024,1024,1024x1024,0,False,False,empty
0391_2018,data\raw\2018\2018\0391_2018.jpg,data\raw\2018\2018\0391_2018.txt,2018,416,416,416x416,0,False,False,empty
0017_2018,data\raw\2018\2018\0017_2018.jpg,data\raw\2018\2018\0017_2018.txt,2018,1024,1024,1024x1024,0,False,False,empty
0310_2018,data\raw\2018\2018\0310_2018.jpg,data\raw\2018\2018\0310_2018.txt,2018,1024,1024,1024x1024,0,False,False,empty
0025_2010,data\raw\2010\2010\0025_2010.jpg,data\raw\2010\2010\0025_2010.txt,2010,1024,1024,1024x1024,0,False,False,empty
0388_2018,data\raw\2018\2018\0388_2018.jpg,data\raw\2018\2018\0388_2018.txt,2018,416,416,416x416,1,True,False,milco_only
0123_2018,data\raw\2018\2018\0123_2018.jpg,data\raw\2018\2018\0123_2018.txt,2018,1024,1024,1024x1024,0,False,False,empty
0300_2018,data\raw\2018\2018\0300_2018.jpg,data\raw\2018\2018\0300_2018.txt,2018,416,416,416x416,0,False,False,empty
0351_2018,data\raw\2018\2018\0351_2018.jpg,data\raw\2018\2018\0351_2018.txt,2018,416,416,416x416,0,False,False,empty
0291_2018,data\raw\2018\2018\0291_2018.jpg,data\raw\2018\2018\0291_2018.txt,2018,416,416,416x416,0,False,False,empty
0216_2018,data\raw\2018\2018\0216_2018.jpg,data\raw\2018\2018\0216_2018.txt,2018,1024,1024,1024x1024,0,False,False,empty
0011_2015,data\raw\2015\2015\0011_2015.jpg,data\raw\2015\2015\0011_2015.txt,2015,1024,1024,1024x1024,2,True,False,milco_only
0065_2018,data\raw\2018\2018\0065_2018.jpg,data\raw\2018\2018\0065_2018.txt,2018,1024,1024,1024x1024,0,False,False,empty
0561_2018,data\raw\2018\2018\0561_2018.jpg,data\raw\2018\2018\0561_2018.txt,2018,416,416,416x416,0,False,False,empty
0070_2015,data\raw\2015\2015\0070_2015.jpg,data\raw\2015\2015\0070_2015.txt,2015,1024,1024,1024x1024,3,True,True,mixed
0221_2018,data\raw\2018\2018\0221_2018.jpg,data\raw\2018\2018\0221_2018.txt,2018,416,416,416x416,0,False,False,empty
0094_2010,data\raw\2010\2010\0094_2010.jpg,data\raw\2010\2010\0094_2010.txt,2010,416,416,416x416,0,False,False,empty
0358_2018,data\raw\2018\2018\0358_2018.jpg,data\raw\2018\2018\0358_2018.txt,2018,1024,1024,1024x1024,3,True,False,milco_only
0275_2018,data\raw\2018\2018\0275_2018.jpg,data\raw\2018\2018\0275_2018.txt,2018,416,416,416x416,1,True,False,milco_only
0231_2010,data\raw\2010\2010\0231_2010.jpg,data\raw\2010\2010\0231_2010.txt,2010,1024,1024,1024x1024,0,False,False,empty
0339_2018,data\raw\2018\2018\0339_2018.jpg,data\raw\2018\2018\0339_2018.txt,2018,1024,1024,1024x1024,0,False,False,empty
0268_2018,data\raw\2018\2018\0268_2018.jpg,data\raw\2018\2018\0268_2018.txt,2018,1024,1024,1024x1024,1,False,True,nombo_only
0162_2010,data\raw\2010\2010\0162_2010.jpg,data\raw\2010\2010\0162_2010.txt,2010,416,416,416x416,0,False,False,empty
0281_2018,data\raw\2018\2018\0281_2018.jpg,data\raw\2018\2018\0281_2018.txt,2018,1024,1024,1024x1024,0,False,False,empty
0280_2010,data\raw\2010\2010\0280_2010.jpg,data\raw\2010\2010\0280_2010.txt,2010,1024,1024,1024x1024,0,False,False,empty
0212_2018,data\raw\2018\2018\0212_2018.jpg,data\raw\2018\2018\0212_2018.txt,2018,416,416,416x416,1,True,False,milco_only
0039_2017,data\raw\2017\2017\0039_2017.jpg,data\raw\2017\2017\0039_2017.txt,2017,1024,1024,1024x1024,2,True,False,milco_only
0539_2018,data\raw\2018\2018\0539_2018.jpg,data\raw\2018\2018\0539_2018.txt,2018,416,416,416x416,0,False,False,empty
0219_2010,data\raw\2010\2010\0219_2010.jpg,data\raw\2010\2010\0219_2010.txt,2010,1024,1024,1024x1024,0,False,False,empty
0097_2010,data\raw\2010\2010\0097_2010.jpg,data\raw\2010\2010\0097_2010.txt,2010,416,416,416x416,0,False,False,empty
0039_2015,data\raw\2015\2015\0039_2015.jpg,data\raw\2015\2015\0039_2015.txt,2015,416,416,416x416,5,True,True,mixed
0251_2010,data\raw\2010\2010\0251_2010.jpg,data\raw\2010\2010\0251_2010.txt,2010,1024,1024,1024x1024,0,False,False,empty
0066_2018,data\raw\2018\2018\0066_2018.jpg,data\raw\2018\2018\0066_2018.txt,2018,416,416,416x416,0,False,False,empty
0263_2010,data\raw\2010\2010\0263_2010.jpg,data\raw\2010\2010\0263_2010.txt,2010,1024,1024,1024x1024,0,False,False,empty
0436_2018,data\raw\2018\2018\0436_2018.jpg,data\raw\2018\2018\0436_2018.txt,2018,1024,1024,1024x1024,1,True,False,milco_only
0562_2018,data\raw\2018\2018\0562_2018.jpg,data\raw\2018\2018\0562_2018.txt,2018,416,416,416x416,0,False,False,empty
0138_2018,data\raw\2018\2018\0138_2018.jpg,data\raw\2018\2018\0138_2018.txt,2018,1024,1024,1024x1024,1,True,False,milco_only
0006_2015,data\raw\2015\2015\0006_2015.jpg,data\raw\2015\2015\0006_2015.txt,2015,1024,1024,1024x1024,3,True,True,mixed
0003_2010,data\raw\2010\2010\0003_2010.jpg,data\raw\2010\2010\0003_2010.txt,2010,416,416,416x416,0,False,False,empty
0071_2018,data\raw\2018\2018\0071_2018.jpg,data\raw\2018\2018\0071_2018.txt,2018,1024,1024,1024x1024,0,False,False,empty
0357_2018,data\raw\2018\2018\0357_2018.jpg,data\raw\2018\2018\0357_2018.txt,2018,416,416,416x416,0,False,False,empty
0010_2021,data\raw\2021\2021\0010_2021.jpg,data\raw\2021\2021\0010_2021.txt,2021,416,416,416x416,3,True,False,milco_only
0229_2018,data\raw\2018\2018\0229_2018.jpg,data\raw\2018\2018\0229_2018.txt,2018,1024,1024,1024x1024,0,False,False,empty
0146_2010,data\raw\2010\2010\0146_2010.jpg,data\raw\2010\2010\0146_2010.txt,2010,1024,1024,1024x1024,0,False,False,empty
0090_2015,data\raw\2015\2015\0090_2015.jpg,data\raw\2015\2015\0090_2015.txt,2015,1024,1024,1024x1024,7,True,True,mixed
0188_2010,data\raw\2010\2010\0188_2010.jpg,data\raw\2010\2010\0188_2010.txt,2010,1024,1024,1024x1024,0,False,False,empty
0004_2010,data\raw\2010\2010\0004_2010.jpg,data\raw\2010\2010\0004_2010.txt,2010,1024,1024,1024x1024,0,False,False,empty
0050_2018,data\raw\2018\2018\0050_2018.jpg,data\raw\2018\2018\0050_2018.txt,2018,1024,1024,1024x1024,0,False,False,empty
0131_2018,data\raw\2018\2018\0131_2018.jpg,data\raw\2018\2018\0131_2018.txt,2018,1024,1024,1024x1024,1,True,False,milco_only
0317_2018,data\raw\2018\2018\0317_2018.jpg,data\raw\2018\2018\0317_2018.txt,2018,416,416,416x416,0,False,False,empty
0296_2018,data\raw\2018\2018\0296_2018.jpg,data\raw\2018\2018\0296_2018.txt,2018,416,416,416x416,0,False,False,empty
0549_2018,data\raw\2018\2018\0549_2018.jpg,data\raw\2018\2018\0549_2018.txt,2018,416,416,416x416,0,False,False,empty
0056_2015,data\raw\2015\2015\0056_2015.jpg,data\raw\2015\2015\0056_2015.txt,2015,1024,1024,1024x1024,9,True,True,mixed
0130_2018,data\raw\2018\2018\0130_2018.jpg,data\raw\2018\2018\0130_2018.txt,2018,416,416,416x416,0,False,False,empty
0026_2017,data\raw\2017\2017\0026_2017.jpg,data\raw\2017\2017\0026_2017.txt,2017,1024,1024,1024x1024,0,False,False,empty
0341_2018,data\raw\2018\2018\0341_2018.jpg,data\raw\2018\2018\0341_2018.txt,2018,1024,1024,1024x1024,1,True,False,milco_only
0497_2018,data\raw\2018\2018\0497_2018.jpg,data\raw\2018\2018\0497_2018.txt,2018,416,416,416x416,0,False,False,empty
0017_2015,data\raw\2015\2015\0017_2015.jpg,data\raw\2015\2015\0017_2015.txt,2015,1024,1024,1024x1024,3,True,True,mixed
0040_2010,data\raw\2010\2010\0040_2010.jpg,data\raw\2010\2010\0040_2010.txt,2010,416,416,416x416,0,False,False,empty
0231_2018,data\raw\2018\2018\0231_2018.jpg,data\raw\2018\2018\0231_2018.txt,2018,1024,1024,1024x1024,0,False,False,empty
0520_2018,data\raw\2018\2018\0520_2018.jpg,data\raw\2018\2018\0520_2018.txt,2018,416,416,416x416,0,False,False,empty
0425_2018,data\raw\2018\2018\0425_2018.jpg,data\raw\2018\2018\0425_2018.txt,2018,1024,1024,1024x1024,0,False,False,empty
0266_2018,data\raw\2018\2018\0266_2018.jpg,data\raw\2018\2018\0266_2018.txt,2018,416,416,416x416,0,False,False,empty
0057_2018,data\raw\2018\2018\0057_2018.jpg,data\raw\2018\2018\0057_2018.txt,2018,1024,1024,1024x1024,0,False,False,empty
0465_2018,data\raw\2018\2018\0465_2018.jpg,data\raw\2018\2018\0465_2018.txt,2018,416,416,416x416,0,False,False,empty
0320_2010,data\raw\2010\2010\0320_2010.jpg,data\raw\2010\2010\0320_2010.txt,2010,416,416,416x416,0,False,False,empty
0210_2018,data\raw\2018\2018\0210_2018.jpg,data\raw\2018\2018\0210_2018.txt,2018,416,416,416x416,0,False,False,empty
0155_2010,data\raw\2010\2010\0155_2010.jpg,data\raw\2010\2010\0155_2010.txt,2010,416,416,416x416,0,False,False,empty
0048_2018,data\raw\2018\2018\0048_2018.jpg,data\raw\2018\2018\0048_2018.txt,2018,1024,1024,1024x1024,1,False,True,nombo_only
0059_2018,data\raw\2018\2018\0059_2018.jpg,data\raw\2018\2018\0059_2018.txt,2018,416,416,416x416,0,False,False,empty
0271_2010,data\raw\2010\2010\0271_2010.jpg,data\raw\2010\2010\0271_2010.txt,2010,416,416,416x416,0,False,False,empty
0265_2018,data\raw\2018\2018\0265_2018.jpg,data\raw\2018\2018\0265_2018.txt,2018,1024,1024,1024x1024,0,False,False,empty
0374_2018,data\raw\2018\2018\0374_2018.jpg,data\raw\2018\2018\0374_2018.txt,2018,416,416,416x416,1,True,False,milco_only
0343_2010,data\raw\2010\2010\0343_2010.jpg,data\raw\2010\2010\0343_2010.txt,2010,1024,1024,1024x1024,1,True,False,milco_only
0262_2010,data\raw\2010\2010\0262_2010.jpg,data\raw\2010\2010\0262_2010.txt,2010,416,416,416x416,0,False,False,empty
0033_2018,data\raw\2018\2018\0033_2018.jpg,data\raw\2018\2018\0033_2018.txt,2018,416,416,416x416,0,False,False,empty
0353_2018,data\raw\2018\2018\0353_2018.jpg,data\raw\2018\2018\0353_2018.txt,2018,1024,1024,1024x1024,0,False,False,empty
0326_2018,data\raw\2018\2018\0326_2018.jpg,data\raw\2018\2018\0326_2018.txt,2018,416,416,416x416,0,False,False,empty
0289_2010,data\raw\2010\2010\0289_2010.jpg,data\raw\2010\2010\0289_2010.txt,2010,1024,1024,1024x1024,0,False,False,empty
0066_2015,data\raw\2015\2015\0066_2015.jpg,data\raw\2015\2015\0066_2015.txt,2015,1024,1024,1024x1024,6,True,True,mixed
0012_2017,data\raw\2017\2017\0012_2017.jpg,data\raw\2017\2017\0012_2017.txt,2017,416,416,416x416,0,False,False,empty
0480_2018,data\raw\2018\2018\0480_2018.jpg,data\raw\2018\2018\0480_2018.txt,2018,416,416,416x416,0,False,False,empty
0022_2021,data\raw\2021\2021\0022_2021.jpg,data\raw\2021\2021\0022_2021.txt,2021,416,416,416x416,0,False,False,empty
0341_2010,data\raw\2010\2010\0341_2010.jpg,data\raw\2010\2010\0341_2010.txt,2010,1024,1024,1024x1024,0,False,False,empty
0156_2018,data\raw\2018\2018\0156_2018.jpg,data\raw\2018\2018\0156_2018.txt,2018,1024,1024,1024x1024,0,False,False,empty
0006_2017,data\raw\2017\2017\0006_2017.jpg,data\raw\2017\2017\0006_2017.txt,2017,1024,1024,1024x1024,1,True,False,milco_only
0449_2018,data\raw\2018\2018\0449_2018.jpg,data\raw\2018\2018\0449_2018.txt,2018,416,416,416x416,1,True,False,milco_only
0304_2018,data\raw\2018\2018\0304_2018.jpg,data\raw\2018\2018\0304_2018.txt,2018,416,416,416x416,0,False,False,empty
0382_2018,data\raw\2018\2018\0382_2018.jpg,data\raw\2018\2018\0382_2018.txt,2018,416,416,416x416,0,False,False,empty
0034_2018,data\raw\2018\2018\0034_2018.jpg,data\raw\2018\2018\0034_2018.txt,2018,416,416,416x416,0,False,False,empty
0335_2018,data\raw\2018\2018\0335_2018.jpg,data\raw\2018\2018\0335_2018.txt,2018,416,416,416x416,1,True,False,milco_only
0051_2010,data\raw\2010\2010\0051_2010.jpg,data\raw\2010\2010\0051_2010.txt,2010,1024,1024,1024x1024,0,False,False,empty
0349_2018,data\raw\2018\2018\0349_2018.jpg,data\raw\2018\2018\0349_2018.txt,2018,1024,1024,1024x1024,0,False,False,empty
0016_2018,data\raw\2018\2018\0016_2018.jpg,data\raw\2018\2018\0016_2018.txt,2018,1024,1024,1024x1024,0,False,False,empty
0315_2010,data\raw\2010\2010\0315_2010.jpg,data\raw\2010\2010\0315_2010.txt,2010,1024,1024,1024x1024,2,True,True,mixed
0459_2018,data\raw\2018\2018\0459_2018.jpg,data\raw\2018\2018\0459_2018.txt,2018,416,416,416x416,1,False,True,nombo_only
0028_2021,data\raw\2021\2021\0028_2021.jpg,data\raw\2021\2021\0028_2021.txt,2021,416,416,416x416,1,True,False,milco_only
0057_2010,data\raw\2010\2010\0057_2010.jpg,data\raw\2010\2010\0057_2010.txt,2010,416,416,416x416,0,False,False,empty
0294_2010,data\raw\2010\2010\0294_2010.jpg,data\raw\2010\2010\0294_2010.txt,2010,1024,1024,1024x1024,0,False,False,empty
0438_2018,data\raw\2018\2018\0438_2018.jpg,data\raw\2018\2018\0438_2018.txt,2018,416,416,416x416,0,False,False,empty
0079_2010,data\raw\2010\2010\0079_2010.jpg,data\raw\2010\2010\0079_2010.txt,2010,1024,1024,1024x1024,0,False,False,empty
0016_2021,data\raw\2021\2021\0016_2021.jpg,data\raw\2021\2021\0016_2021.txt,2021,416,416,416x416,2,True,False,milco_only
0064_2015,data\raw\2015\2015\0064_2015.jpg,data\raw\2015\2015\0064_2015.txt,2015,416,416,416x416,5,True,True,mixed
0025_2021,data\raw\2021\2021\0025_2021.jpg,data\raw\2021\2021\0025_2021.txt,2021,416,416,416x416,0,False,False,empty
0065_2010,data\raw\2010\2010\0065_2010.jpg,data\raw\2010\2010\0065_2010.txt,2010,1024,1024,1024x1024,0,False,False,empty
0083_2017,data\raw\2017\2017\0083_2017.jpg,data\raw\2017\2017\0083_2017.txt,2017,416,416,416x416,0,False,False,empty
0049_2015,data\raw\2015\2015\0049_2015.jpg,data\raw\2015\2015\0049_2015.txt,2015,1024,1024,1024x1024,7,True,True,mixed
0173_2010,data\raw\2010\2010\0173_2010.jpg,data\raw\2010\2010\0173_2010.txt,2010,416,416,416x416,0,False,False,empty
0545_2018,data\raw\2018\2018\0545_2018.jpg,data\raw\2018\2018\0545_2018.txt,2018,416,416,416x416,0,False,False,empty
0485_2018,data\raw\2018\2018\0485_2018.jpg,data\raw\2018\2018\0485_2018.txt,2018,416,416,416x416,0,False,False,empty
0108_2018,data\raw\2018\2018\0108_2018.jpg,data\raw\2018\2018\0108_2018.txt,2018,1024,1024,1024x1024,0,False,False,empty
0021_2021,data\raw\2021\2021\0021_2021.jpg,data\raw\2021\2021\0021_2021.txt,2021,416,416,416x416,1,True,False,milco_only
0181_2010,data\raw\2010\2010\0181_2010.jpg,data\raw\2010\2010\0181_2010.txt,2010,1024,1024,1024x1024,0,False,False,empty
0145_2018,data\raw\2018\2018\0145_2018.jpg,data\raw\2018\2018\0145_2018.txt,2018,1024,1024,1024x1024,0,False,False,empty
0556_2018,data\raw\2018\2018\0556_2018.jpg,data\raw\2018\2018\0556_2018.txt,2018,416,416,416x416,0,False,False,empty
0027_2010,data\raw\2010\2010\0027_2010.jpg,data\raw\2010\2010\0027_2010.txt,2010,416,416,416x416,0,False,False,empty
0078_2015,data\raw\2015\2015\0078_2015.jpg,data\raw\2015\2015\0078_2015.txt,2015,1024,1024,1024x1024,4,True,False,milco_only
0019_2015,data\raw\2015\2015\0019_2015.jpg,data\raw\2015\2015\0019_2015.txt,2015,1024,1024,1024x1024,2,True,True,mixed
0072_2017,data\raw\2017\2017\0072_2017.jpg,data\raw\2017\2017\0072_2017.txt,2017,1024,1024,1024x1024,0,False,False,empty
0177_2010,data\raw\2010\2010\0177_2010.jpg,data\raw\2010\2010\0177_2010.txt,2010,1024,1024,1024x1024,0,False,False,empty
0307_2010,data\raw\2010\2010\0307_2010.jpg,data\raw\2010\2010\0307_2010.txt,2010,1024,1024,1024x1024,1,True,False,milco_only
0343_2018,data\raw\2018\2018\0343_2018.jpg,data\raw\2018\2018\0343_2018.txt,2018,416,416,416x416,1,True,False,milco_only
0112_2010,data\raw\2010\2010\0112_2010.jpg,data\raw\2010\2010\0112_2010.txt,2010,416,416,416x416,0,False,False,empty
0234_2018,data\raw\2018\2018\0234_2018.jpg,data\raw\2018\2018\0234_2018.txt,2018,1024,1024,1024x1024,0,False,False,empty
0118_2018,data\raw\2018\2018\0118_2018.jpg,data\raw\2018\2018\0118_2018.txt,2018,1024,1024,1024x1024,1,False,True,nombo_only
0489_2018,data\raw\2018\2018\0489_2018.jpg,data\raw\2018\2018\0489_2018.txt,2018,416,416,416x416,0,False,False,empty
0030_2018,data\raw\2018\2018\0030_2018.jpg,data\raw\2018\2018\0030_2018.txt,2018,1024,1024,1024x1024,0,False,False,empty
0071_2010,data\raw\2010\2010\0071_2010.jpg,data\raw\2010\2010\0071_2010.txt,2010,1024,1024,1024x1024,0,False,False,empty
0384_2018,data\raw\2018\2018\0384_2018.jpg,data\raw\2018\2018\0384_2018.txt,2018,1024,1024,1024x1024,0,False,False,empty
0143_2010,data\raw\2010\2010\0143_2010.jpg,data\raw\2010\2010\0143_2010.txt,2010,1024,1024,1024x1024,0,False,False,empty
0473_2018,data\raw\2018\2018\0473_2018.jpg,data\raw\2018\2018\0473_2018.txt,2018,416,416,416x416,0,False,False,empty
0217_2010,data\raw\2010\2010\0217_2010.jpg,data\raw\2010\2010\0217_2010.txt,2010,1024,1024,1024x1024,0,False,False,empty
0325_2018,data\raw\2018\2018\0325_2018.jpg,data\raw\2018\2018\0325_2018.txt,2018,416,416,416x416,1,False,True,nombo_only
0011_2010,data\raw\2010\2010\0011_2010.jpg,data\raw\2010\2010\0011_2010.txt,2010,416,416,416x416,0,False,False,empty
0141_2018,data\raw\2018\2018\0141_2018.jpg,data\raw\2018\2018\0141_2018.txt,2018,416,416,416x416,0,False,False,empty
0089_2017,data\raw\2017\2017\0089_2017.jpg,data\raw\2017\2017\0089_2017.txt,2017,1024,1024,1024x1024,0,False,False,empty
0456_2018,data\raw\2018\2018\0456_2018.jpg,data\raw\2018\2018\0456_2018.txt,2018,416,416,416x416,1,False,True,nombo_only
0145_2010,data\raw\2010\2010\0145_2010.jpg,data\raw\2010\2010\0145_2010.txt,2010,416,416,416x416,0,False,False,empty
0226_2010,data\raw\2010\2010\0226_2010.jpg,data\raw\2010\2010\0226_2010.txt,2010,416,416,416x416,0,False,False,empty
0076_2017,data\raw\2017\2017\0076_2017.jpg,data\raw\2017\2017\0076_2017.txt,2017,1024,1024,1024x1024,0,False,False,empty
0081_2018,data\raw\2018\2018\0081_2018.jpg,data\raw\2018\2018\0081_2018.txt,2018,1024,1024,1024x1024,0,False,False,empty
0136_2010,data\raw\2010\2010\0136_2010.jpg,data\raw\2010\2010\0136_2010.txt,2010,416,416,416x416,0,False,False,empty
0274_2010,data\raw\2010\2010\0274_2010.jpg,data\raw\2010\2010\0274_2010.txt,2010,416,416,416x416,0,False,False,empty
0142_2018,data\raw\2018\2018\0142_2018.jpg,data\raw\2018\2018\0142_2018.txt,2018,416,416,416x416,0,False,False,empty
0158_2010,data\raw\2010\2010\0158_2010.jpg,data\raw\2010\2010\0158_2010.txt,2010,416,416,416x416,0,False,False,empty
0016_2017,data\raw\2017\2017\0016_2017.jpg,data\raw\2017\2017\0016_2017.txt,2017,1024,1024,1024x1024,0,False,False,empty
0216_2010,data\raw\2010\2010\0216_2010.jpg,data\raw\2010\2010\0216_2010.txt,2010,1024,1024,1024x1024,0,False,False,empty
0518_2018,data\raw\2018\2018\0518_2018.jpg,data\raw\2018\2018\0518_2018.txt,2018,416,416,416x416,0,False,False,empty
0044_2018,data\raw\2018\2018\0044_2018.jpg,data\raw\2018\2018\0044_2018.txt,2018,1024,1024,1024x1024,0,False,False,empty
0024_2021,data\raw\2021\2021\0024_2021.jpg,data\raw\2021\2021\0024_2021.txt,2021,416,416,416x416,1,True,False,milco_only
0060_2017,data\raw\2017\2017\0060_2017.jpg,data\raw\2017\2017\0060_2017.txt,2017,416,416,416x416,0,False,False,empty
0223_2018,data\raw\2018\2018\0223_2018.jpg,data\raw\2018\2018\0223_2018.txt,2018,416,416,416x416,0,False,False,empty
0015_2018,data\raw\2018\2018\0015_2018.jpg,data\raw\2018\2018\0015_2018.txt,2018,416,416,416x416,0,False,False,empty
0050_2015,data\raw\2015\2015\0050_2015.jpg,data\raw\2015\2015\0050_2015.txt,2015,1024,1024,1024x1024,7,True,True,mixed
0063_2018,data\raw\2018\2018\0063_2018.jpg,data\raw\2018\2018\0063_2018.txt,2018,1024,1024,1024x1024,0,False,False,empty
0045_2010,data\raw\2010\2010\0045_2010.jpg,data\raw\2010\2010\0045_2010.txt,2010,1024,1024,1024x1024,0,False,False,empty
0029_2010,data\raw\2010\2010\0029_2010.jpg,data\raw\2010\2010\0029_2010.txt,2010,1024,1024,1024x1024,0,False,False,empty
0243_2010,data\raw\2010\2010\0243_2010.jpg,data\raw\2010\2010\0243_2010.txt,2010,416,416,416x416,0,False,False,empty
0021_2017,data\raw\2017\2017\0021_2017.jpg,data\raw\2017\2017\0021_2017.txt,2017,1024,1024,1024x1024,0,False,False,empty
0373_2018,data\raw\2018\2018\0373_2018.jpg,data\raw\2018\2018\0373_2018.txt,2018,1024,1024,1024x1024,1,True,False,milco_only
0023_2010,data\raw\2010\2010\0023_2010.jpg,data\raw\2010\2010\0023_2010.txt,2010,416,416,416x416,0,False,False,empty
0154_2018,data\raw\2018\2018\0154_2018.jpg,data\raw\2018\2018\0154_2018.txt,2018,1024,1024,1024x1024,0,False,False,empty
0282_2018,data\raw\2018\2018\0282_2018.jpg,data\raw\2018\2018\0282_2018.txt,2018,1024,1024,1024x1024,1,True,False,milco_only
0002_2021,data\raw\2021\2021\0002_2021.jpg,data\raw\2021\2021\0002_2021.txt,2021,416,416,416x416,0,False,False,empty
0328_2018,data\raw\2018\2018\0328_2018.jpg,data\raw\2018\2018\0328_2018.txt,2018,1024,1024,1024x1024,1,True,False,milco_only
0314_2010,data\raw\2010\2010\0314_2010.jpg,data\raw\2010\2010\0314_2010.txt,2010,1024,1024,1024x1024,1,False,True,nombo_only
0136_2018,data\raw\2018\2018\0136_2018.jpg,data\raw\2018\2018\0136_2018.txt,2018,416,416,416x416,0,False,False,empty
0403_2018,data\raw\2018\2018\0403_2018.jpg,data\raw\2018\2018\0403_2018.txt,2018,1024,1024,1024x1024,0,False,False,empty
0117_2015,data\raw\2015\2015\0117_2015.jpg,data\raw\2015\2015\0117_2015.txt,2015,1024,1024,1024x1024,1,True,False,milco_only
0261_2018,data\raw\2018\2018\0261_2018.jpg,data\raw\2018\2018\0261_2018.txt,2018,416,416,416x416,0,False,False,empty
0312_2010,data\raw\2010\2010\0312_2010.jpg,data\raw\2010\2010\0312_2010.txt,2010,416,416,416x416,0,False,False,empty
0207_2010,data\raw\2010\2010\0207_2010.jpg,data\raw\2010\2010\0207_2010.txt,2010,1024,1024,1024x1024,1,True,False,milco_only
0254_2010,data\raw\2010\2010\0254_2010.jpg,data\raw\2010\2010\0254_2010.txt,2010,1024,1024,1024x1024,0,False,False,empty
0105_2010,data\raw\2010\2010\0105_2010.jpg,data\raw\2010\2010\0105_2010.txt,2010,416,416,416x416,0,False,False,empty
0475_2018,data\raw\2018\2018\0475_2018.jpg,data\raw\2018\2018\0475_2018.txt,2018,416,416,416x416,0,False,False,empty
0176_2010,data\raw\2010\2010\0176_2010.jpg,data\raw\2010\2010\0176_2010.txt,2010,1024,1024,1024x1024,0,False,False,empty
0515_2018,data\raw\2018\2018\0515_2018.jpg,data\raw\2018\2018\0515_2018.txt,2018,416,416,416x416,0,False,False,empty
0113_2010,data\raw\2010\2010\0113_2010.jpg,data\raw\2010\2010\0113_2010.txt,2010,1024,1024,1024x1024,0,False,False,empty
0236_2018,data\raw\2018\2018\0236_2018.jpg,data\raw\2018\2018\0236_2018.txt,2018,1024,1024,1024x1024,0,False,False,empty
0027_2018,data\raw\2018\2018\0027_2018.jpg,data\raw\2018\2018\0027_2018.txt,2018,416,416,416x416,0,False,False,empty
0189_2018,data\raw\2018\2018\0189_2018.jpg,data\raw\2018\2018\0189_2018.txt,2018,1024,1024,1024x1024,0,False,False,empty
0004_2018,data\raw\2018\2018\0004_2018.jpg,data\raw\2018\2018\0004_2018.txt,2018,416,416,416x416,0,False,False,empty
0004_2015,data\raw\2015\2015\0004_2015.jpg,data\raw\2015\2015\0004_2015.txt,2015,1024,1024,1024x1024,5,True,True,mixed
0289_2018,data\raw\2018\2018\0289_2018.jpg,data\raw\2018\2018\0289_2018.txt,2018,1024,1024,1024x1024,0,False,False,empty
0034_2021,data\raw\2021\2021\0034_2021.jpg,data\raw\2021\2021\0034_2021.txt,2021,416,416,416x416,2,True,False,milco_only
0253_2010,data\raw\2010\2010\0253_2010.jpg,data\raw\2010\2010\0253_2010.txt,2010,416,416,416x416,0,False,False,empty
0156_2010,data\raw\2010\2010\0156_2010.jpg,data\raw\2010\2010\0156_2010.txt,2010,1024,1024,1024x1024,0,False,False,empty
0042_2018,data\raw\2018\2018\0042_2018.jpg,data\raw\2018\2018\0042_2018.txt,2018,1024,1024,1024x1024,0,False,False,empty
0250_2010,data\raw\2010\2010\0250_2010.jpg,data\raw\2010\2010\0250_2010.txt,2010,1024,1024,1024x1024,0,False,False,empty
0312_2018,data\raw\2018\2018\0312_2018.jpg,data\raw\2018\2018\0312_2018.txt,2018,1024,1024,1024x1024,0,False,False,empty
0173_2018,data\raw\2018\2018\0173_2018.jpg,data\raw\2018\2018\0173_2018.txt,2018,1024,1024,1024x1024,0,False,False,empty
0025_2017,data\raw\2017\2017\0025_2017.jpg,data\raw\2017\2017\0025_2017.txt,2017,1024,1024,1024x1024,0,False,False,empty
0049_2017,data\raw\2017\2017\0049_2017.jpg,data\raw\2017\2017\0049_2017.txt,2017,1024,1024,1024x1024,0,False,False,empty
0098_2010,data\raw\2010\2010\0098_2010.jpg,data\raw\2010\2010\0098_2010.txt,2010,416,416,416x416,0,False,False,empty
0014_2021,data\raw\2021\2021\0014_2021.jpg,data\raw\2021\2021\0014_2021.txt,2021,416,416,416x416,0,False,False,empty
0008_2010,data\raw\2010\2010\0008_2010.jpg,data\raw\2010\2010\0008_2010.txt,2010,416,416,416x416,0,False,False,empty
0068_2015,data\raw\2015\2015\0068_2015.jpg,data\raw\2015\2015\0068_2015.txt,2015,1024,1024,1024x1024,3,False,True,nombo_only
0071_2015,data\raw\2015\2015\0071_2015.jpg,data\raw\2015\2015\0071_2015.txt,2015,416,416,416x416,3,True,True,mixed
0069_2010,data\raw\2010\2010\0069_2010.jpg,data\raw\2010\2010\0069_2010.txt,2010,416,416,416x416,0,False,False,empty
0220_2018,data\raw\2018\2018\0220_2018.jpg,data\raw\2018\2018\0220_2018.txt,2018,1024,1024,1024x1024,0,False,False,empty
0043_2017,data\raw\2017\2017\0043_2017.jpg,data\raw\2017\2017\0043_2017.txt,2017,1024,1024,1024x1024,0,False,False,empty
0199_2010,data\raw\2010\2010\0199_2010.jpg,data\raw\2010\2010\0199_2010.txt,2010,1024,1024,1024x1024,0,False,False,empty
0166_2018,data\raw\2018\2018\0166_2018.jpg,data\raw\2018\2018\0166_2018.txt,2018,1024,1024,1024x1024,1,True,False,milco_only
0267_2010,data\raw\2010\2010\0267_2010.jpg,data\raw\2010\2010\0267_2010.txt,2010,1024,1024,1024x1024,0,False,False,empty
0035_2015,data\raw\2015\2015\0035_2015.jpg,data\raw\2015\2015\0035_2015.txt,2015,416,416,416x416,2,True,False,milco_only
0011_2017,data\raw\2017\2017\0011_2017.jpg,data\raw\2017\2017\0011_2017.txt,2017,1024,1024,1024x1024,0,False,False,empty
0334_2010,data\raw\2010\2010\0334_2010.jpg,data\raw\2010\2010\0334_2010.txt,2010,416,416,416x416,0,False,False,empty
0323_2010,data\raw\2010\2010\0323_2010.jpg,data\raw\2010\2010\0323_2010.txt,2010,1024,1024,1024x1024,0,False,False,empty
0146_2018,data\raw\2018\2018\0146_2018.jpg,data\raw\2018\2018\0146_2018.txt,2018,416,416,416x416,0,False,False,empty
0538_2018,data\raw\2018\2018\0538_2018.jpg,data\raw\2018\2018\0538_2018.txt,2018,416,416,416x416,0,False,False,empty
0062_2010,data\raw\2010\2010\0062_2010.jpg,data\raw\2010\2010\0062_2010.txt,2010,1024,1024,1024x1024,1,False,True,nombo_only
0116_2018,data\raw\2018\2018\0116_2018.jpg,data\raw\2018\2018\0116_2018.txt,2018,1024,1024,1024x1024,0,False,False,empty
0399_2018,data\raw\2018\2018\0399_2018.jpg,data\raw\2018\2018\0399_2018.txt,2018,416,416,416x416,0,False,False,empty
0001_2010,data\raw\2010\2010\0001_2010.jpg,data\raw\2010\2010\0001_2010.txt,2010,416,416,416x416,0,False,False,empty
0161_2018,data\raw\2018\2018\0161_2018.jpg,data\raw\2018\2018\0161_2018.txt,2018,1024,1024,1024x1024,0,False,False,empty
0128_2010,data\raw\2010\2010\0128_2010.jpg,data\raw\2010\2010\0128_2010.txt,2010,416,416,416x416,0,False,False,empty
0143_2018,data\raw\2018\2018\0143_2018.jpg,data\raw\2018\2018\0143_2018.txt,2018,1024,1024,1024x1024,0,False,False,empty
0088_2018,data\raw\2018\2018\0088_2018.jpg,data\raw\2018\2018\0088_2018.txt,2018,416,416,416x416,0,False,False,empty
0452_2018,data\raw\2018\2018\0452_2018.jpg,data\raw\2018\2018\0452_2018.txt,2018,416,416,416x416,1,False,True,nombo_only
0517_2018,data\raw\2018\2018\0517_2018.jpg,data\raw\2018\2018\0517_2018.txt,2018,416,416,416x416,2,True,False,milco_only
0501_2018,data\raw\2018\2018\0501_2018.jpg,data\raw\2018\2018\0501_2018.txt,2018,416,416,416x416,0,False,False,empty
0053_2015,data\raw\2015\2015\0053_2015.jpg,data\raw\2015\2015\0053_2015.txt,2015,1024,1024,1024x1024,2,True,False,milco_only
0237_2018,data\raw\2018\2018\0237_2018.jpg,data\raw\2018\2018\0237_2018.txt,2018,416,416,416x416,0,False,False,empty
0045_2018,data\raw\2018\2018\0045_2018.jpg,data\raw\2018\2018\0045_2018.txt,2018,416,416,416x416,0,False,False,empty
0548_2018,data\raw\2018\2018\0548_2018.jpg,data\raw\2018\2018\0548_2018.txt,2018,416,416,416x416,0,False,False,empty
0110_2015,data\raw\2015\2015\0110_2015.jpg,data\raw\2015\2015\0110_2015.txt,2015,1024,1024,1024x1024,6,True,True,mixed
0215_2018,data\raw\2018\2018\0215_2018.jpg,data\raw\2018\2018\0215_2018.txt,2018,1024,1024,1024x1024,0,False,False,empty
0063_2017,data\raw\2017\2017\0063_2017.jpg,data\raw\2017\2017\0063_2017.txt,2017,1024,1024,1024x1024,0,False,False,empty
0182_2010,data\raw\2010\2010\0182_2010.jpg,data\raw\2010\2010\0182_2010.txt,2010,1024,1024,1024x1024,0,False,False,empty
0429_2018,data\raw\2018\2018\0429_2018.jpg,data\raw\2018\2018\0429_2018.txt,2018,416,416,416x416,1,True,False,milco_only
0153_2010,data\raw\2010\2010\0153_2010.jpg,data\raw\2010\2010\0153_2010.txt,2010,416,416,416x416,0,False,False,empty
0093_2010,data\raw\2010\2010\0093_2010.jpg,data\raw\2010\2010\0093_2010.txt,2010,1024,1024,1024x1024,0,False,False,empty
0270_2018,data\raw\2018\2018\0270_2018.jpg,data\raw\2018\2018\0270_2018.txt,2018,1024,1024,1024x1024,1,True,False,milco_only
0197_2018,data\raw\2018\2018\0197_2018.jpg,data\raw\2018\2018\0197_2018.txt,2018,416,416,416x416,0,False,False,empty
0061_2017,data\raw\2017\2017\0061_2017.jpg,data\raw\2017\2017\0061_2017.txt,2017,1024,1024,1024x1024,0,False,False,empty
0367_2018,data\raw\2018\2018\0367_2018.jpg,data\raw\2018\2018\0367_2018.txt,2018,1024,1024,1024x1024,2,True,False,milco_only
0019_2021,data\raw\2021\2021\0019_2021.jpg,data\raw\2021\2021\0019_2021.txt,2021,416,416,416x416,1,True,False,milco_only
0214_2010,data\raw\2010\2010\0214_2010.jpg,data\raw\2010\2010\0214_2010.txt,2010,416,416,416x416,0,False,False,empty
0042_2010,data\raw\2010\2010\0042_2010.jpg,data\raw\2010\2010\0042_2010.txt,2010,416,416,416x416,0,False,False,empty
