source,section,section_index,line_number,parameter,value
https://raw.githubusercontent.com/AlexeyAB/darknet/master/cfg/yolov4-custom.cfg,net,0,6,batch,64
https://raw.githubusercontent.com/AlexeyAB/darknet/master/cfg/yolov4-custom.cfg,net,0,7,subdivisions,16
https://raw.githubusercontent.com/AlexeyAB/darknet/master/cfg/yolov4-custom.cfg,net,0,8,width,608
https://raw.githubusercontent.com/AlexeyAB/darknet/master/cfg/yolov4-custom.cfg,net,0,9,height,608
https://raw.githubusercontent.com/AlexeyAB/darknet/master/cfg/yolov4-custom.cfg,net,0,10,channels,3
https://raw.githubusercontent.com/AlexeyAB/darknet/master/cfg/yolov4-custom.cfg,net,0,11,momentum,0.949
https://raw.githubusercontent.com/AlexeyAB/darknet/master/cfg/yolov4-custom.cfg,net,0,12,decay,0.0005
https://raw.githubusercontent.com/AlexeyAB/darknet/master/cfg/yolov4-custom.cfg,net,0,13,angle,0
https://raw.githubusercontent.com/AlexeyAB/darknet/master/cfg/yolov4-custom.cfg,net,0,14,saturation,1.5
https://raw.githubusercontent.com/AlexeyAB/darknet/master/cfg/yolov4-custom.cfg,net,0,15,exposure,1.5
https://raw.githubusercontent.com/AlexeyAB/darknet/master/cfg/yolov4-custom.cfg,net,0,16,hue,.1
https://raw.githubusercontent.com/AlexeyAB/darknet/master/cfg/yolov4-custom.cfg,net,0,18,learning_rate,0.001
https://raw.githubusercontent.com/AlexeyAB/darknet/master/cfg/yolov4-custom.cfg,net,0,19,burn_in,1000
https://raw.githubusercontent.com/AlexeyAB/darknet/master/cfg/yolov4-custom.cfg,net,0,20,max_batches,500500
https://raw.githubusercontent.com/AlexeyAB/darknet/master/cfg/yolov4-custom.cfg,net,0,21,policy,steps
https://raw.githubusercontent.com/AlexeyAB/darknet/master/cfg/yolov4-custom.cfg,net,0,22,steps,"400000,450000"
https://raw.githubusercontent.com/AlexeyAB/darknet/master/cfg/yolov4-custom.cfg,net,0,23,scales,".1,.1"
https://raw.githubusercontent.com/AlexeyAB/darknet/master/cfg/yolov4-custom.cfg,net,0,26,mosaic,1
https://raw.githubusercontent.com/AlexeyAB/darknet/master/cfg/yolov4-custom.cfg,convolutional,1,31,batch_normalize,1
https://raw.githubusercontent.com/AlexeyAB/darknet/master/cfg/yolov4-custom.cfg,convolutional,1,32,filters,32
https://raw.githubusercontent.com/AlexeyAB/darknet/master/cfg/yolov4-custom.cfg,convolutional,1,33,size,3
https://raw.githubusercontent.com/AlexeyAB/darknet/master/cfg/yolov4-custom.cfg,convolutional,1,34,stride,1
https://raw.githubusercontent.com/AlexeyAB/darknet/master/cfg/yolov4-custom.cfg,convolutional,1,35,pad,1
https://raw.githubusercontent.com/AlexeyAB/darknet/master/cfg/yolov4-custom.cfg,convolutional,1,36,activation,mish
https://raw.githubusercontent.com/AlexeyAB/darknet/master/cfg/yolov4-custom.cfg,convolutional,2,41,batch_normalize,1
https://raw.githubusercontent.com/AlexeyAB/darknet/master/cfg/yolov4-custom.cfg,convolutional,2,42,filters,64
https://raw.githubusercontent.com/AlexeyAB/darknet/master/cfg/yolov4-custom.cfg,convolutional,2,43,size,3
https://raw.githubusercontent.com/AlexeyAB/darknet/master/cfg/yolov4-custom.cfg,convolutional,2,44,stride,2
https://raw.githubusercontent.com/AlexeyAB/darknet/master/cfg/yolov4-custom.cfg,convolutional,2,45,pad,1
https://raw.githubusercontent.com/AlexeyAB/darknet/master/cfg/yolov4-custom.cfg,convolutional,2,46,activation,mish
https://raw.githubusercontent.com/AlexeyAB/darknet/master/cfg/yolov4-custom.cfg,convolutional,3,49,batch_normalize,1
https://raw.githubusercontent.com/AlexeyAB/darknet/master/cfg/yolov4-custom.cfg,convolutional,3,50,filters,64
https://raw.githubusercontent.com/AlexeyAB/darknet/master/cfg/yolov4-custom.cfg,convolutional,3,51,size,1
https://raw.githubusercontent.com/AlexeyAB/darknet/master/cfg/yolov4-custom.cfg,convolutional,3,52,stride,1
https://raw.githubusercontent.com/AlexeyAB/darknet/master/cfg/yolov4-custom.cfg,convolutional,3,53,pad,1
https://raw.githubusercontent.com/AlexeyAB/darknet/master/cfg/yolov4-custom.cfg,convolutional,3,54,activation,mish
https://raw.githubusercontent.com/AlexeyAB/darknet/master/cfg/yolov4-custom.cfg,route,4,57,layers,-2
https://raw.githubusercontent.com/AlexeyAB/darknet/master/cfg/yolov4-custom.cfg,convolutional,5,60,batch_normalize,1
https://raw.githubusercontent.com/AlexeyAB/darknet/master/cfg/yolov4-custom.cfg,convolutional,5,61,filters,64
https://raw.githubusercontent.com/AlexeyAB/darknet/master/cfg/yolov4-custom.cfg,convolutional,5,62,size,1
https://raw.githubusercontent.com/AlexeyAB/darknet/master/cfg/yolov4-custom.cfg,convolutional,5,63,stride,1
https://raw.githubusercontent.com/AlexeyAB/darknet/master/cfg/yolov4-custom.cfg,convolutional,5,64,pad,1
https://raw.githubusercontent.com/AlexeyAB/darknet/master/cfg/yolov4-custom.cfg,convolutional,5,65,activation,mish
https://raw.githubusercontent.com/AlexeyAB/darknet/master/cfg/yolov4-custom.cfg,convolutional,6,68,batch_normalize,1
https://raw.githubusercontent.com/AlexeyAB/darknet/master/cfg/yolov4-custom.cfg,convolutional,6,69,filters,32
https://raw.githubusercontent.com/AlexeyAB/darknet/master/cfg/yolov4-custom.cfg,convolutional,6,70,size,1
https://raw.githubusercontent.com/AlexeyAB/darknet/master/cfg/yolov4-custom.cfg,convolutional,6,71,stride,1
https://raw.githubusercontent.com/AlexeyAB/darknet/master/cfg/yolov4-custom.cfg,convolutional,6,72,pad,1
https://raw.githubusercontent.com/AlexeyAB/darknet/master/cfg/yolov4-custom.cfg,convolutional,6,73,activation,mish
https://raw.githubusercontent.com/AlexeyAB/darknet/master/cfg/yolov4-custom.cfg,convolutional,7,76,batch_normalize,1
https://raw.githubusercontent.com/AlexeyAB/darknet/master/cfg/yolov4-custom.cfg,convolutional,7,77,filters,64
https://raw.githubusercontent.com/AlexeyAB/darknet/master/cfg/yolov4-custom.cfg,convolutional,7,78,size,3
https://raw.githubusercontent.com/AlexeyAB/darknet/master/cfg/yolov4-custom.cfg,convolutional,7,79,stride,1
https://raw.githubusercontent.com/AlexeyAB/darknet/master/cfg/yolov4-custom.cfg,convolutional,7,80,pad,1
https://raw.githubusercontent.com/AlexeyAB/darknet/master/cfg/yolov4-custom.cfg,convolutional,7,81,activation,mish
https://raw.githubusercontent.com/AlexeyAB/darknet/master/cfg/yolov4-custom.cfg,shortcut,8,84,from,-3
https://raw.githubusercontent.com/AlexeyAB/darknet/master/cfg/yolov4-custom.cfg,shortcut,8,85,activation,linear
https://raw.githubusercontent.com/AlexeyAB/darknet/master/cfg/yolov4-custom.cfg,convolutional,9,88,batch_normalize,1
https://raw.githubusercontent.com/AlexeyAB/darknet/master/cfg/yolov4-custom.cfg,convolutional,9,89,filters,64
https://raw.githubusercontent.com/AlexeyAB/darknet/master/cfg/yolov4-custom.cfg,convolutional,9,90,size,1
https://raw.githubusercontent.com/AlexeyAB/darknet/master/cfg/yolov4-custom.cfg,convolutional,9,91,stride,1
https://raw.githubusercontent.com/AlexeyAB/darknet/master/cfg/yolov4-custom.cfg,convolutional,9,92,pad,1
https://raw.githubusercontent.com/AlexeyAB/darknet/master/cfg/yolov4-custom.cfg,convolutional,9,93,activation,mish
https://raw.githubusercontent.com/AlexeyAB/darknet/master/cfg/yolov4-custom.cfg,route,10,96,layers,"-1,-7"
https://raw.githubusercontent.com/AlexeyAB/darknet/master/cfg/yolov4-custom.cfg,convolutional,11,99,batch_normalize,1
https://raw.githubusercontent.com/AlexeyAB/darknet/master/cfg/yolov4-custom.cfg,convolutional,11,100,filters,64
https://raw.githubusercontent.com/AlexeyAB/darknet/master/cfg/yolov4-custom.cfg,convolutional,11,101,size,1
https://raw.githubusercontent.com/AlexeyAB/darknet/master/cfg/yolov4-custom.cfg,convolutional,11,102,stride,1
https://raw.githubusercontent.com/AlexeyAB/darknet/master/cfg/yolov4-custom.cfg,convolutional,11,103,pad,1
https://raw.githubusercontent.com/AlexeyAB/darknet/master/cfg/yolov4-custom.cfg,convolutional,11,104,activation,mish
https://raw.githubusercontent.com/AlexeyAB/darknet/master/cfg/yolov4-custom.cfg,convolutional,12,109,batch_normalize,1
https://raw.githubusercontent.com/AlexeyAB/darknet/master/cfg/yolov4-custom.cfg,convolutional,12,110,filters,128
https://raw.githubusercontent.com/AlexeyAB/darknet/master/cfg/yolov4-custom.cfg,convolutional,12,111,size,3
https://raw.githubusercontent.com/AlexeyAB/darknet/master/cfg/yolov4-custom.cfg,convolutional,12,112,stride,2
https://raw.githubusercontent.com/AlexeyAB/darknet/master/cfg/yolov4-custom.cfg,convolutional,12,113,pad,1
https://raw.githubusercontent.com/AlexeyAB/darknet/master/cfg/yolov4-custom.cfg,convolutional,12,114,activation,mish
https://raw.githubusercontent.com/AlexeyAB/darknet/master/cfg/yolov4-custom.cfg,convolutional,13,117,batch_normalize,1
https://raw.githubusercontent.com/AlexeyAB/darknet/master/cfg/yolov4-custom.cfg,convolutional,13,118,filters,64
https://raw.githubusercontent.com/AlexeyAB/darknet/master/cfg/yolov4-custom.cfg,convolutional,13,119,size,1
https://raw.githubusercontent.com/AlexeyAB/darknet/master/cfg/yolov4-custom.cfg,convolutional,13,120,stride,1
https://raw.githubusercontent.com/AlexeyAB/darknet/master/cfg/yolov4-custom.cfg,convolutional,13,121,pad,1
https://raw.githubusercontent.com/AlexeyAB/darknet/master/cfg/yolov4-custom.cfg,convolutional,13,122,activation,mish
https://raw.githubusercontent.com/AlexeyAB/darknet/master/cfg/yolov4-custom.cfg,route,14,125,layers,-2
https://raw.githubusercontent.com/AlexeyAB/darknet/master/cfg/yolov4-custom.cfg,convolutional,15,128,batch_normalize,1
https://raw.githubusercontent.com/AlexeyAB/darknet/master/cfg/yolov4-custom.cfg,convolutional,15,129,filters,64
https://raw.githubusercontent.com/AlexeyAB/darknet/master/cfg/yolov4-custom.cfg,convolutional,15,130,size,1
https://raw.githubusercontent.com/AlexeyAB/darknet/master/cfg/yolov4-custom.cfg,convolutional,15,131,stride,1
https://raw.githubusercontent.com/AlexeyAB/darknet/master/cfg/yolov4-custom.cfg,convolutional,15,132,pad,1
https://raw.githubusercontent.com/AlexeyAB/darknet/master/cfg/yolov4-custom.cfg,convolutional,15,133,activation,mish
https://raw.githubusercontent.com/AlexeyAB/darknet/master/cfg/yolov4-custom.cfg,convolutional,16,136,batch_normalize,1
https://raw.githubusercontent.com/AlexeyAB/darknet/master/cfg/yolov4-custom.cfg,convolutional,16,137,filters,64
https://raw.githubusercontent.com/AlexeyAB/darknet/master/cfg/yolov4-custom.cfg,convolutional,16,138,size,1
https://raw.githubusercontent.com/AlexeyAB/darknet/master/cfg/yolov4-custom.cfg,convolutional,16,139,stride,1
https://raw.githubusercontent.com/AlexeyAB/darknet/master/cfg/yolov4-custom.cfg,convolutional,16,140,pad,1
https://raw.githubusercontent.com/AlexeyAB/darknet/master/cfg/yolov4-custom.cfg,convolutional,16,141,activation,mish
https://raw.githubusercontent.com/AlexeyAB/darknet/master/cfg/yolov4-custom.cfg,convolutional,17,144,batch_normalize,1
https://raw.githubusercontent.com/AlexeyAB/darknet/master/cfg/yolov4-custom.cfg,convolutional,17,145,filters,64
https://raw.githubusercontent.com/AlexeyAB/darknet/master/cfg/yolov4-custom.cfg,convolutional,17,146,size,3
https://raw.githubusercontent.com/AlexeyAB/darknet/master/cfg/yolov4-custom.cfg,convolutional,17,147,stride,1
https://raw.githubusercontent.com/AlexeyAB/darknet/master/cfg/yolov4-custom.cfg,convolutional,17,148,pad,1
https://raw.githubusercontent.com/AlexeyAB/darknet/master/cfg/yolov4-custom.cfg,convolutional,17,149,activation,mish
https://raw.githubusercontent.com/AlexeyAB/darknet/master/cfg/yolov4-custom.cfg,shortcut,18,152,from,-3
https://raw.githubusercontent.com/AlexeyAB/darknet/master/cfg/yolov4-custom.cfg,shortcut,18,153,activation,linear
https://raw.githubusercontent.com/AlexeyAB/darknet/master/cfg/yolov4-custom.cfg,convolutional,19,156,batch_normalize,1
https://raw.githubusercontent.com/AlexeyAB/darknet/master/cfg/yolov4-custom.cfg,convolutional,19,157,filters,64
https://raw.githubusercontent.com/AlexeyAB/darknet/master/cfg/yolov4-custom.cfg,convolutional,19,158,size,1
https://raw.githubusercontent.com/AlexeyAB/darknet/master/cfg/yolov4-custom.cfg,convolutional,19,159,stride,1
https://raw.githubusercontent.com/AlexeyAB/darknet/master/cfg/yolov4-custom.cfg,convolutional,19,160,pad,1
https://raw.githubusercontent.com/AlexeyAB/darknet/master/cfg/yolov4-custom.cfg,convolutional,19,161,activation,mish
https://raw.githubusercontent.com/AlexeyAB/darknet/master/cfg/yolov4-custom.cfg,convolutional,20,164,batch_normalize,1
https://raw.githubusercontent.com/AlexeyAB/darknet/master/cfg/yolov4-custom.cfg,convolutional,20,165,filters,64
https://raw.githubusercontent.com/AlexeyAB/darknet/master/cfg/yolov4-custom.cfg,convolutional,20,166,size,3
https://raw.githubusercontent.com/AlexeyAB/darknet/master/cfg/yolov4-custom.cfg,convolutional,20,167,stride,1
https://raw.githubusercontent.com/AlexeyAB/darknet/master/cfg/yolov4-custom.cfg,convolutional,20,168,pad,1
https://raw.githubusercontent.com/AlexeyAB/darknet/master/cfg/yolov4-custom.cfg,convolutional,20,169,activation,mish
https://raw.githubusercontent.com/AlexeyAB/darknet/master/cfg/yolov4-custom.cfg,shortcut,21,172,from,-3
https://raw.githubusercontent.com/AlexeyAB/darknet/master/cfg/yolov4-custom.cfg,shortcut,21,173,activation,linear
https://raw.githubusercontent.com/AlexeyAB/darknet/master/cfg/yolov4-custom.cfg,convolutional,22,176,batch_normalize,1
https://raw.githubusercontent.com/AlexeyAB/darknet/master/cfg/yolov4-custom.cfg,convolutional,22,177,filters,64
https://raw.githubusercontent.com/AlexeyAB/darknet/master/cfg/yolov4-custom.cfg,convolutional,22,178,size,1
https://raw.githubusercontent.com/AlexeyAB/darknet/master/cfg/yolov4-custom.cfg,convolutional,22,179,stride,1
https://raw.githubusercontent.com/AlexeyAB/darknet/master/cfg/yolov4-custom.cfg,convolutional,22,180,pad,1
https://raw.githubusercontent.com/AlexeyAB/darknet/master/cfg/yolov4-custom.cfg,convolutional,22,181,activation,mish
https://raw.githubusercontent.com/AlexeyAB/darknet/master/cfg/yolov4-custom.cfg,route,23,184,layers,"-1,-10"
https://raw.githubusercontent.com/AlexeyAB/darknet/master/cfg/yolov4-custom.cfg,convolutional,24,187,batch_normalize,1
https://raw.githubusercontent.com/AlexeyAB/darknet/master/cfg/yolov4-custom.cfg,convolutional,24,188,filters,128
https://raw.githubusercontent.com/AlexeyAB/darknet/master/cfg/yolov4-custom.cfg,convolutional,24,189,size,1
https://raw.githubusercontent.com/AlexeyAB/darknet/master/cfg/yolov4-custom.cfg,convolutional,24,190,stride,1
https://raw.githubusercontent.com/AlexeyAB/darknet/master/cfg/yolov4-custom.cfg,convolutional,24,191,pad,1
https://raw.githubusercontent.com/AlexeyAB/darknet/master/cfg/yolov4-custom.cfg,convolutional,24,192,activation,mish
https://raw.githubusercontent.com/AlexeyAB/darknet/master/cfg/yolov4-custom.cfg,convolutional,25,197,batch_normalize,1
https://raw.githubusercontent.com/AlexeyAB/darknet/master/cfg/yolov4-custom.cfg,convolutional,25,198,filters,256
https://raw.githubusercontent.com/AlexeyAB/darknet/master/cfg/yolov4-custom.cfg,convolutional,25,199,size,3
https://raw.githubusercontent.com/AlexeyAB/darknet/master/cfg/yolov4-custom.cfg,convolutional,25,200,stride,2
https://raw.githubusercontent.com/AlexeyAB/darknet/master/cfg/yolov4-custom.cfg,convolutional,25,201,pad,1
https://raw.githubusercontent.com/AlexeyAB/darknet/master/cfg/yolov4-custom.cfg,convolutional,25,202,activation,mish
https://raw.githubusercontent.com/AlexeyAB/darknet/master/cfg/yolov4-custom.cfg,convolutional,26,205,batch_normalize,1
https://raw.githubusercontent.com/AlexeyAB/darknet/master/cfg/yolov4-custom.cfg,convolutional,26,206,filters,128
https://raw.githubusercontent.com/AlexeyAB/darknet/master/cfg/yolov4-custom.cfg,convolutional,26,207,size,1
https://raw.githubusercontent.com/AlexeyAB/darknet/master/cfg/yolov4-custom.cfg,convolutional,26,208,stride,1
https://raw.githubusercontent.com/AlexeyAB/darknet/master/cfg/yolov4-custom.cfg,convolutional,26,209,pad,1
https://raw.githubusercontent.com/AlexeyAB/darknet/master/cfg/yolov4-custom.cfg,convolutional,26,210,activation,mish
https://raw.githubusercontent.com/AlexeyAB/darknet/master/cfg/yolov4-custom.cfg,route,27,213,layers,-2
https://raw.githubusercontent.com/AlexeyAB/darknet/master/cfg/yolov4-custom.cfg,convolutional,28,216,batch_normalize,1
https://raw.githubusercontent.com/AlexeyAB/darknet/master/cfg/yolov4-custom.cfg,convolutional,28,217,filters,128
https://raw.githubusercontent.com/AlexeyAB/darknet/master/cfg/yolov4-custom.cfg,convolutional,28,218,size,1
https://raw.githubusercontent.com/AlexeyAB/darknet/master/cfg/yolov4-custom.cfg,convolutional,28,219,stride,1
https://raw.githubusercontent.com/AlexeyAB/darknet/master/cfg/yolov4-custom.cfg,convolutional,28,220,pad,1
https://raw.githubusercontent.com/AlexeyAB/darknet/master/cfg/yolov4-custom.cfg,convolutional,28,221,activation,mish
https://raw.githubusercontent.com/AlexeyAB/darknet/master/cfg/yolov4-custom.cfg,convolutional,29,224,batch_normalize,1
https://raw.githubusercontent.com/AlexeyAB/darknet/master/cfg/yolov4-custom.cfg,convolutional,29,225,filters,128
https://raw.githubusercontent.com/AlexeyAB/darknet/master/cfg/yolov4-custom.cfg,convolutional,29,226,size,1
https://raw.githubusercontent.com/AlexeyAB/darknet/master/cfg/yolov4-custom.cfg,convolutional,29,227,stride,1
https://raw.githubusercontent.com/AlexeyAB/darknet/master/cfg/yolov4-custom.cfg,convolutional,29,228,pad,1
https://raw.githubusercontent.com/AlexeyAB/darknet/master/cfg/yolov4-custom.cfg,convolutional,29,229,activation,mish
https://raw.githubusercontent.com/AlexeyAB/darknet/master/cfg/yolov4-custom.cfg,convolutional,30,232,batch_normalize,1
https://raw.githubusercontent.com/AlexeyAB/darknet/master/cfg/yolov4-custom.cfg,convolutional,30,233,filters,128
https://raw.githubusercontent.com/AlexeyAB/darknet/master/cfg/yolov4-custom.cfg,convolutional,30,234,size,3
https://raw.githubusercontent.com/AlexeyAB/darknet/master/cfg/yolov4-custom.cfg,convolutional,30,235,stride,1
https://raw.githubusercontent.com/AlexeyAB/darknet/master/cfg/yolov4-custom.cfg,convolutional,30,236,pad,1
https://raw.githubusercontent.com/AlexeyAB/darknet/master/cfg/yolov4-custom.cfg,convolutional,30,237,activation,mish
https://raw.githubusercontent.com/AlexeyAB/darknet/master/cfg/yolov4-custom.cfg,shortcut,31,240,from,-3
https://raw.githubusercontent.com/AlexeyAB/darknet/master/cfg/yolov4-custom.cfg,shortcut,31,241,activation,linear
https://raw.githubusercontent.com/AlexeyAB/darknet/master/cfg/yolov4-custom.cfg,convolutional,32,244,batch_normalize,1
https://raw.githubusercontent.com/AlexeyAB/darknet/master/cfg/yolov4-custom.cfg,convolutional,32,245,filters,128
https://raw.githubusercontent.com/AlexeyAB/darknet/master/cfg/yolov4-custom.cfg,convolutional,32,246,size,1
https://raw.githubusercontent.com/AlexeyAB/darknet/master/cfg/yolov4-custom.cfg,convolutional,32,247,stride,1
https://raw.githubusercontent.com/AlexeyAB/darknet/master/cfg/yolov4-custom.cfg,convolutional,32,248,pad,1
https://raw.githubusercontent.com/AlexeyAB/darknet/master/cfg/yolov4-custom.cfg,convolutional,32,249,activation,mish
https://raw.githubusercontent.com/AlexeyAB/darknet/master/cfg/yolov4-custom.cfg,convolutional,33,252,batch_normalize,1
https://raw.githubusercontent.com/AlexeyAB/darknet/master/cfg/yolov4-custom.cfg,convolutional,33,253,filters,128
https://raw.githubusercontent.com/AlexeyAB/darknet/master/cfg/yolov4-custom.cfg,convolutional,33,254,size,3
https://raw.githubusercontent.com/AlexeyAB/darknet/master/cfg/yolov4-custom.cfg,convolutional,33,255,stride,1
https://raw.githubusercontent.com/AlexeyAB/darknet/master/cfg/yolov4-custom.cfg,convolutional,33,256,pad,1
https://raw.githubusercontent.com/AlexeyAB/darknet/master/cfg/yolov4-custom.cfg,convolutional,33,257,activation,mish
https://raw.githubusercontent.com/AlexeyAB/darknet/master/cfg/yolov4-custom.cfg,shortcut,34,260,from,-3
https://raw.githubusercontent.com/AlexeyAB/darknet/master/cfg/yolov4-custom.cfg,shortcut,34,261,activation,linear
https://raw.githubusercontent.com/AlexeyAB/darknet/master/cfg/yolov4-custom.cfg,convolutional,35,264,batch_normalize,1
https://raw.githubusercontent.com/AlexeyAB/darknet/master/cfg/yolov4-custom.cfg,convolutional,35,265,filters,128
https://raw.githubusercontent.com/AlexeyAB/darknet/master/cfg/yolov4-custom.cfg,convolutional,35,266,size,1
https://raw.githubusercontent.com/AlexeyAB/darknet/master/cfg/yolov4-custom.cfg,convolutional,35,267,stride,1
https://raw.githubusercontent.com/AlexeyAB/darknet/master/cfg/yolov4-custom.cfg,convolutional,35,268,pad,1
https://raw.githubusercontent.com/AlexeyAB/darknet/master/cfg/yolov4-custom.cfg,convolutional,35,269,activation,mish
https://raw.githubusercontent.com/AlexeyAB/darknet/master/cfg/yolov4-custom.cfg,convolutional,36,272,batch_normalize,1
https://raw.githubusercontent.com/AlexeyAB/darknet/master/cfg/yolov4-custom.cfg,convolutional,36,273,filters,128
https://raw.githubusercontent.com/AlexeyAB/darknet/master/cfg/yolov4-custom.cfg,convolutional,36,274,size,3
https://raw.githubusercontent.com/AlexeyAB/darknet/master/cfg/yolov4-custom.cfg,convolutional,36,275,stride,1
https://raw.githubusercontent.com/AlexeyAB/darknet/master/cfg/yolov4-custom.cfg,convolutional,36,276,pad,1
https://raw.githubusercontent.com/AlexeyAB/darknet/master/cfg/yolov4-custom.cfg,convolutional,36,277,activation,mish
https://raw.githubusercontent.com/AlexeyAB/darknet/master/cfg/yolov4-custom.cfg,shortcut,37,280,from,-3
https://raw.githubusercontent.com/AlexeyAB/darknet/master/cfg/yolov4-custom.cfg,shortcut,37,281,activation,linear
https://raw.githubusercontent.com/AlexeyAB/darknet/master/cfg/yolov4-custom.cfg,convolutional,38,284,batch_normalize,1
https://raw.githubusercontent.com/AlexeyAB/darknet/master/cfg/yolov4-custom.cfg,convolutional,38,285,filters,128
https://raw.githubusercontent.com/AlexeyAB/darknet/master/cfg/yolov4-custom.cfg,convolutional,38,286,size,1
https://raw.githubusercontent.com/AlexeyAB/darknet/master/cfg/yolov4-custom.cfg,convolutional,38,287,stride,1
https://raw.githubusercontent.com/AlexeyAB/darknet/master/cfg/yolov4-custom.cfg,convolutional,38,288,pad,1
https://raw.githubusercontent.com/AlexeyAB/darknet/master/cfg/yolov4-custom.cfg,convolutional,38,289,activation,mish
https://raw.githubusercontent.com/AlexeyAB/darknet/master/cfg/yolov4-custom.cfg,convolutional,39,292,batch_normalize,1
https://raw.githubusercontent.com/AlexeyAB/darknet/master/cfg/yolov4-custom.cfg,convolutional,39,293,filters,128
https://raw.githubusercontent.com/AlexeyAB/darknet/master/cfg/yolov4-custom.cfg,convolutional,39,294,size,3
https://raw.githubusercontent.com/AlexeyAB/darknet/master/cfg/yolov4-custom.cfg,convolutional,39,295,stride,1
https://raw.githubusercontent.com/AlexeyAB/darknet/master/cfg/yolov4-custom.cfg,convolutional,39,296,pad,1
https://raw.githubusercontent.com/AlexeyAB/darknet/master/cfg/yolov4-custom.cfg,convolutional,39,297,activation,mish
https://raw.githubusercontent.com/AlexeyAB/darknet/master/cfg/yolov4-custom.cfg,shortcut,40,300,from,-3
https://raw.githubusercontent.com/AlexeyAB/darknet/master/cfg/yolov4-custom.cfg,shortcut,40,301,activation,linear
https://raw.githubusercontent.com/AlexeyAB/darknet/master/cfg/yolov4-custom.cfg,convolutional,41,305,batch_normalize,1
https://raw.githubusercontent.com/AlexeyAB/darknet/master/cfg/yolov4-custom.cfg,convolutional,41,306,filters,128
https://raw.githubusercontent.com/AlexeyAB/darknet/master/cfg/yolov4-custom.cfg,convolutional,41,307,size,1
https://raw.githubusercontent.com/AlexeyAB/darknet/master/cfg/yolov4-custom.cfg,convolutional,41,308,stride,1
https://raw.githubusercontent.com/AlexeyAB/darknet/master/cfg/yolov4-custom.cfg,convolutional,41,309,pad,1
https://raw.githubusercontent.com/AlexeyAB/darknet/master/cfg/yolov4-custom.cfg,convolutional,41,310,activation,mish
https://raw.githubusercontent.com/AlexeyAB/darknet/master/cfg/yolov4-custom.cfg,convolutional,42,313,batch_normalize,1
https://raw.githubusercontent.com/AlexeyAB/darknet/master/cfg/yolov4-custom.cfg,convolutional,42,314,filters,128
https://raw.githubusercontent.com/AlexeyAB/darknet/master/cfg/yolov4-custom.cfg,convolutional,42,315,size,3
https://raw.githubusercontent.com/AlexeyAB/darknet/master/cfg/yolov4-custom.cfg,convolutional,42,316,stride,1
https://raw.githubusercontent.com/AlexeyAB/darknet/master/cfg/yolov4-custom.cfg,convolutional,42,317,pad,1
https://raw.githubusercontent.com/AlexeyAB/darknet/master/cfg/yolov4-custom.cfg,convolutional,42,318,activation,mish
https://raw.githubusercontent.com/AlexeyAB/darknet/master/cfg/yolov4-custom.cfg,shortcut,43,321,from,-3
https://raw.githubusercontent.com/AlexeyAB/darknet/master/cfg/yolov4-custom.cfg,shortcut,43,322,activation,linear
https://raw.githubusercontent.com/AlexeyAB/darknet/master/cfg/yolov4-custom.cfg,convolutional,44,325,batch_normalize,1
https://raw.githubusercontent.com/AlexeyAB/darknet/master/cfg/yolov4-custom.cfg,convolutional,44,326,filters,128
https://raw.githubusercontent.com/AlexeyAB/darknet/master/cfg/yolov4-custom.cfg,convolutional,44,327,size,1
https://raw.githubusercontent.com/AlexeyAB/darknet/master/cfg/yolov4-custom.cfg,convolutional,44,328,stride,1
https://raw.githubusercontent.com/AlexeyAB/darknet/master/cfg/yolov4-custom.cfg,convolutional,44,329,pad,1
https://raw.githubusercontent.com/AlexeyAB/darknet/master/cfg/yolov4-custom.cfg,convolutional,44,330,activation,mish
https://raw.githubusercontent.com/AlexeyAB/darknet/master/cfg/yolov4-custom.cfg,convolutional,45,333,batch_normalize,1
https://raw.githubusercontent.com/AlexeyAB/darknet/master/cfg/yolov4-custom.cfg,convolutional,45,334,filters,128
https://raw.githubusercontent.com/AlexeyAB/darknet/master/cfg/yolov4-custom.cfg,convolutional,45,335,size,3
https://raw.githubusercontent.com/AlexeyAB/darknet/master/cfg/yolov4-custom.cfg,convolutional,45,336,stride,1
https://raw.githubusercontent.com/AlexeyAB/darknet/master/cfg/yolov4-custom.cfg,convolutional,45,337,pad,1
https://raw.githubusercontent.com/AlexeyAB/darknet/master/cfg/yolov4-custom.cfg,convolutional,45,338,activation,mish
https://raw.githubusercontent.com/AlexeyAB/darknet/master/cfg/yolov4-custom.cfg,shortcut,46,341,from,-3
https://raw.githubusercontent.com/AlexeyAB/darknet/master/cfg/yolov4-custom.cfg,shortcut,46,342,activation,linear
https://raw.githubusercontent.com/AlexeyAB/darknet/master/cfg/yolov4-custom.cfg,convolutional,47,345,batch_normalize,1
https://raw.githubusercontent.com/AlexeyAB/darknet/master/cfg/yolov4-custom.cfg,convolutional,47,346,filters,128
https://raw.githubusercontent.com/AlexeyAB/darknet/master/cfg/yolov4-custom.cfg,convolutional,47,347,size,1
https://raw.githubusercontent.com/AlexeyAB/darknet/master/cfg/yolov4-custom.cfg,convolutional,47,348,stride,1
https://raw.githubusercontent.com/AlexeyAB/darknet/master/cfg/yolov4-custom.cfg,convolutional,47,349,pad,1
https://raw.githubusercontent.com/AlexeyAB/darknet/master/cfg/yolov4-custom.cfg,convolutional,47,350,activation,mish
https://raw.githubusercontent.com/AlexeyAB/darknet/master/cfg/yolov4-custom.cfg,convolutional,48,353,batch_normalize,1
https://raw.githubusercontent.com/AlexeyAB/darknet/master/cfg/yolov4-custom.cfg,convolutional,48,354,filters,128
https://raw.githubusercontent.com/AlexeyAB/darknet/master/cfg/yolov4-custom.cfg,convolutional,48,355,size,3
https://raw.githubusercontent.com/AlexeyAB/darknet/master/cfg/yolov4-custom.cfg,convolutional,48,356,stride,1
https://raw.githubusercontent.com/AlexeyAB/darknet/master/cfg/yolov4-custom.cfg,convolutional,48,357,pad,1
https://raw.githubusercontent.com/AlexeyAB/darknet/master/cfg/yolov4-custom.cfg,convolutional,48,358,activation,mish
https://raw.githubusercontent.com/AlexeyAB/darknet/master/cfg/yolov4-custom.cfg,shortcut,49,361,from,-3
https://raw.githubusercontent.com/AlexeyAB/darknet/master/cfg/yolov4-custom.cfg,shortcut,49,362,activation,linear
https://raw.githubusercontent.com/AlexeyAB/darknet/master/cfg/yolov4-custom.cfg,convolutional,50,365,batch_normalize,1
https://raw.githubusercontent.com/AlexeyAB/darknet/master/cfg/yolov4-custom.cfg,convolutional,50,366,filters,128
https://raw.githubusercontent.com/AlexeyAB/darknet/master/cfg/yolov4-custom.cfg,convolutional,50,367,size,1
https://raw.githubusercontent.com/AlexeyAB/darknet/master/cfg/yolov4-custom.cfg,convolutional,50,368,stride,1
https://raw.githubusercontent.com/AlexeyAB/darknet/master/cfg/yolov4-custom.cfg,convolutional,50,369,pad,1
https://raw.githubusercontent.com/AlexeyAB/darknet/master/cfg/yolov4-custom.cfg,convolutional,50,370,activation,mish
https://raw.githubusercontent.com/AlexeyAB/darknet/master/cfg/yolov4-custom.cfg,convolutional,51,373,batch_normalize,1
https://raw.githubusercontent.com/AlexeyAB/darknet/master/cfg/yolov4-custom.cfg,convolutional,51,374,filters,128
https://raw.githubusercontent.com/AlexeyAB/darknet/master/cfg/yolov4-custom.cfg,convolutional,51,375,size,3
https://raw.githubusercontent.com/AlexeyAB/darknet/master/cfg/yolov4-custom.cfg,convolutional,51,376,stride,1
https://raw.githubusercontent.com/AlexeyAB/darknet/master/cfg/yolov4-custom.cfg,convolutional,51,377,pad,1
https://raw.githubusercontent.com/AlexeyAB/darknet/master/cfg/yolov4-custom.cfg,convolutional,51,378,activation,mish
https://raw.githubusercontent.com/AlexeyAB/darknet/master/cfg/yolov4-custom.cfg,shortcut,52,381,from,-3
https://raw.githubusercontent.com/AlexeyAB/darknet/master/cfg/yolov4-custom.cfg,shortcut,52,382,activation,linear
https://raw.githubusercontent.com/AlexeyAB/darknet/master/cfg/yolov4-custom.cfg,convolutional,53,385,batch_normalize,1
https://raw.githubusercontent.com/AlexeyAB/darknet/master/cfg/yolov4-custom.cfg,convolutional,53,386,filters,128
https://raw.githubusercontent.com/AlexeyAB/darknet/master/cfg/yolov4-custom.cfg,convolutional,53,387,size,1
https://raw.githubusercontent.com/AlexeyAB/darknet/master/cfg/yolov4-custom.cfg,convolutional,53,388,stride,1
https://raw.githubusercontent.com/AlexeyAB/darknet/master/cfg/yolov4-custom.cfg,convolutional,53,389,pad,1
https://raw.githubusercontent.com/AlexeyAB/darknet/master/cfg/yolov4-custom.cfg,convolutional,53,390,activation,mish
https://raw.githubusercontent.com/AlexeyAB/darknet/master/cfg/yolov4-custom.cfg,route,54,393,layers,"-1,-28"
https://raw.githubusercontent.com/AlexeyAB/darknet/master/cfg/yolov4-custom.cfg,convolutional,55,396,batch_normalize,1
https://raw.githubusercontent.com/AlexeyAB/darknet/master/cfg/yolov4-custom.cfg,convolutional,55,397,filters,256
https://raw.githubusercontent.com/AlexeyAB/darknet/master/cfg/yolov4-custom.cfg,convolutional,55,398,size,1
https://raw.githubusercontent.com/AlexeyAB/darknet/master/cfg/yolov4-custom.cfg,convolutional,55,399,stride,1
https://raw.githubusercontent.com/AlexeyAB/darknet/master/cfg/yolov4-custom.cfg,convolutional,55,400,pad,1
https://raw.githubusercontent.com/AlexeyAB/darknet/master/cfg/yolov4-custom.cfg,convolutional,55,401,activation,mish
https://raw.githubusercontent.com/AlexeyAB/darknet/master/cfg/yolov4-custom.cfg,convolutional,56,406,batch_normalize,1
https://raw.githubusercontent.com/AlexeyAB/darknet/master/cfg/yolov4-custom.cfg,convolutional,56,407,filters,512
https://raw.githubusercontent.com/AlexeyAB/darknet/master/cfg/yolov4-custom.cfg,convolutional,56,408,size,3
https://raw.githubusercontent.com/AlexeyAB/darknet/master/cfg/yolov4-custom.cfg,convolutional,56,409,stride,2
https://raw.githubusercontent.com/AlexeyAB/darknet/master/cfg/yolov4-custom.cfg,convolutional,56,410,pad,1
https://raw.githubusercontent.com/AlexeyAB/darknet/master/cfg/yolov4-custom.cfg,convolutional,56,411,activation,mish
https://raw.githubusercontent.com/AlexeyAB/darknet/master/cfg/yolov4-custom.cfg,convolutional,57,414,batch_normalize,1
https://raw.githubusercontent.com/AlexeyAB/darknet/master/cfg/yolov4-custom.cfg,convolutional,57,415,filters,256
https://raw.githubusercontent.com/AlexeyAB/darknet/master/cfg/yolov4-custom.cfg,convolutional,57,416,size,1
https://raw.githubusercontent.com/AlexeyAB/darknet/master/cfg/yolov4-custom.cfg,convolutional,57,417,stride,1
https://raw.githubusercontent.com/AlexeyAB/darknet/master/cfg/yolov4-custom.cfg,convolutional,57,418,pad,1
https://raw.githubusercontent.com/AlexeyAB/darknet/master/cfg/yolov4-custom.cfg,convolutional,57,419,activation,mish
https://raw.githubusercontent.com/AlexeyAB/darknet/master/cfg/yolov4-custom.cfg,route,58,422,layers,-2
https://raw.githubusercontent.com/AlexeyAB/darknet/master/cfg/yolov4-custom.cfg,convolutional,59,425,batch_normalize,1
https://raw.githubusercontent.com/AlexeyAB/darknet/master/cfg/yolov4-custom.cfg,convolutional,59,426,filters,256
https://raw.githubusercontent.com/AlexeyAB/darknet/master/cfg/yolov4-custom.cfg,convolutional,59,427,size,1
https://raw.githubusercontent.com/AlexeyAB/darknet/master/cfg/yolov4-custom.cfg,convolutional,59,428,stride,1
https://raw.githubusercontent.com/AlexeyAB/darknet/master/cfg/yolov4-custom.cfg,convolutional,59,429,pad,1
https://raw.githubusercontent.com/AlexeyAB/darknet/master/cfg/yolov4-custom.cfg,convolutional,59,430,activation,mish
https://raw.githubusercontent.com/AlexeyAB/darknet/master/cfg/yolov4-custom.cfg,convolutional,60,433,batch_normalize,1
https://raw.githubusercontent.com/AlexeyAB/darknet/master/cfg/yolov4-custom.cfg,convolutional,60,434,filters,256
https://raw.githubusercontent.com/AlexeyAB/darknet/master/cfg/yolov4-custom.cfg,convolutional,60,435,size,1
https://raw.githubusercontent.com/AlexeyAB/darknet/master/cfg/yolov4-custom.cfg,convolutional,60,436,stride,1
https://raw.githubusercontent.com/AlexeyAB/darknet/master/cfg/yolov4-custom.cfg,convolutional,60,437,pad,1
https://raw.githubusercontent.com/AlexeyAB/darknet/master/cfg/yolov4-custom.cfg,convolutional,60,438,activation,mish
https://raw.githubusercontent.com/AlexeyAB/darknet/master/cfg/yolov4-custom.cfg,convolutional,61,441,batch_normalize,1
https://raw.githubusercontent.com/AlexeyAB/darknet/master/cfg/yolov4-custom.cfg,convolutional,61,442,filters,256
https://raw.githubusercontent.com/AlexeyAB/darknet/master/cfg/yolov4-custom.cfg,convolutional,61,443,size,3
https://raw.githubusercontent.com/AlexeyAB/darknet/master/cfg/yolov4-custom.cfg,convolutional,61,444,stride,1
https://raw.githubusercontent.com/AlexeyAB/darknet/master/cfg/yolov4-custom.cfg,convolutional,61,445,pad,1
https://raw.githubusercontent.com/AlexeyAB/darknet/master/cfg/yolov4-custom.cfg,convolutional,61,446,activation,mish
https://raw.githubusercontent.com/AlexeyAB/darknet/master/cfg/yolov4-custom.cfg,shortcut,62,449,from,-3
https://raw.githubusercontent.com/AlexeyAB/darknet/master/cfg/yolov4-custom.cfg,shortcut,62,450,activation,linear
https://raw.githubusercontent.com/AlexeyAB/darknet/master/cfg/yolov4-custom.cfg,convolutional,63,454,batch_normalize,1
https://raw.githubusercontent.com/AlexeyAB/darknet/master/cfg/yolov4-custom.cfg,convolutional,63,455,filters,256
https://raw.githubusercontent.com/AlexeyAB/darknet/master/cfg/yolov4-custom.cfg,convolutional,63,456,size,1
https://raw.githubusercontent.com/AlexeyAB/darknet/master/cfg/yolov4-custom.cfg,convolutional,63,457,stride,1
https://raw.githubusercontent.com/AlexeyAB/darknet/master/cfg/yolov4-custom.cfg,convolutional,63,458,pad,1
https://raw.githubusercontent.com/AlexeyAB/darknet/master/cfg/yolov4-custom.cfg,convolutional,63,459,activation,mish
https://raw.githubusercontent.com/AlexeyAB/darknet/master/cfg/yolov4-custom.cfg,convolutional,64,462,batch_normalize,1
https://raw.githubusercontent.com/AlexeyAB/darknet/master/cfg/yolov4-custom.cfg,convolutional,64,463,filters,256
https://raw.githubusercontent.com/AlexeyAB/darknet/master/cfg/yolov4-custom.cfg,convolutional,64,464,size,3
https://raw.githubusercontent.com/AlexeyAB/darknet/master/cfg/yolov4-custom.cfg,convolutional,64,465,stride,1
https://raw.githubusercontent.com/AlexeyAB/darknet/master/cfg/yolov4-custom.cfg,convolutional,64,466,pad,1
https://raw.githubusercontent.com/AlexeyAB/darknet/master/cfg/yolov4-custom.cfg,convolutional,64,467,activation,mish
https://raw.githubusercontent.com/AlexeyAB/darknet/master/cfg/yolov4-custom.cfg,shortcut,65,470,from,-3
https://raw.githubusercontent.com/AlexeyAB/darknet/master/cfg/yolov4-custom.cfg,shortcut,65,471,activation,linear
https://raw.githubusercontent.com/AlexeyAB/darknet/master/cfg/yolov4-custom.cfg,convolutional,66,475,batch_normalize,1
https://raw.githubusercontent.com/AlexeyAB/darknet/master/cfg/yolov4-custom.cfg,convolutional,66,476,filters,256
https://raw.githubusercontent.com/AlexeyAB/darknet/master/cfg/yolov4-custom.cfg,convolutional,66,477,size,1
https://raw.githubusercontent.com/AlexeyAB/darknet/master/cfg/yolov4-custom.cfg,convolutional,66,478,stride,1
https://raw.githubusercontent.com/AlexeyAB/darknet/master/cfg/yolov4-custom.cfg,convolutional,66,479,pad,1
https://raw.githubusercontent.com/AlexeyAB/darknet/master/cfg/yolov4-custom.cfg,convolutional,66,480,activation,mish
https://raw.githubusercontent.com/AlexeyAB/darknet/master/cfg/yolov4-custom.cfg,convolutional,67,483,batch_normalize,1
https://raw.githubusercontent.com/AlexeyAB/darknet/master/cfg/yolov4-custom.cfg,convolutional,67,484,filters,256
https://raw.githubusercontent.com/AlexeyAB/darknet/master/cfg/yolov4-custom.cfg,convolutional,67,485,size,3
https://raw.githubusercontent.com/AlexeyAB/darknet/master/cfg/yolov4-custom.cfg,convolutional,67,486,stride,1
https://raw.githubusercontent.com/AlexeyAB/darknet/master/cfg/yolov4-custom.cfg,convolutional,67,487,pad,1
https://raw.githubusercontent.com/AlexeyAB/darknet/master/cfg/yolov4-custom.cfg,convolutional,67,488,activation,mish
https://raw.githubusercontent.com/AlexeyAB/darknet/master/cfg/yolov4-custom.cfg,shortcut,68,491,from,-3
https://raw.githubusercontent.com/AlexeyAB/darknet/master/cfg/yolov4-custom.cfg,shortcut,68,492,activation,linear
https://raw.githubusercontent.com/AlexeyAB/darknet/master/cfg/yolov4-custom.cfg,convolutional,69,496,batch_normalize,1
https://raw.githubusercontent.com/AlexeyAB/darknet/master/cfg/yolov4-custom.cfg,convolutional,69,497,filters,256
https://raw.githubusercontent.com/AlexeyAB/darknet/master/cfg/yolov4-custom.cfg,convolutional,69,498,size,1
https://raw.githubusercontent.com/AlexeyAB/darknet/master/cfg/yolov4-custom.cfg,convolutional,69,499,stride,1
https://raw.githubusercontent.com/AlexeyAB/darknet/master/cfg/yolov4-custom.cfg,convolutional,69,500,pad,1
https://raw.githubusercontent.com/AlexeyAB/darknet/master/cfg/yolov4-custom.cfg,convolutional,69,501,activation,mish
https://raw.githubusercontent.com/AlexeyAB/darknet/master/cfg/yolov4-custom.cfg,convolutional,70,504,batch_normalize,1
https://raw.githubusercontent.com/AlexeyAB/darknet/master/cfg/yolov4-custom.cfg,convolutional,70,505,filters,256
https://raw.githubusercontent.com/AlexeyAB/darknet/master/cfg/yolov4-custom.cfg,convolutional,70,506,size,3
https://raw.githubusercontent.com/AlexeyAB/darknet/master/cfg/yolov4-custom.cfg,convolutional,70,507,stride,1
https://raw.githubusercontent.com/AlexeyAB/darknet/master/cfg/yolov4-custom.cfg,convolutional,70,508,pad,1
https://raw.githubusercontent.com/AlexeyAB/darknet/master/cfg/yolov4-custom.cfg,convolutional,70,509,activation,mish
https://raw.githubusercontent.com/AlexeyAB/darknet/master/cfg/yolov4-custom.cfg,shortcut,71,512,from,-3
https://raw.githubusercontent.com/AlexeyAB/darknet/master/cfg/yolov4-custom.cfg,shortcut,71,513,activation,linear
https://raw.githubusercontent.com/AlexeyAB/darknet/master/cfg/yolov4-custom.cfg,convolutional,72,517,batch_normalize,1
https://raw.githubusercontent.com/AlexeyAB/darknet/master/cfg/yolov4-custom.cfg,convolutional,72,518,filters,256
https://raw.githubusercontent.com/AlexeyAB/darknet/master/cfg/yolov4-custom.cfg,convolutional,72,519,size,1
https://raw.githubusercontent.com/AlexeyAB/darknet/master/cfg/yolov4-custom.cfg,convolutional,72,520,stride,1
https://raw.githubusercontent.com/AlexeyAB/darknet/master/cfg/yolov4-custom.cfg,convolutional,72,521,pad,1
https://raw.githubusercontent.com/AlexeyAB/darknet/master/cfg/yolov4-custom.cfg,convolutional,72,522,activation,mish
https://raw.githubusercontent.com/AlexeyAB/darknet/master/cfg/yolov4-custom.cfg,convolutional,73,525,batch_normalize,1
https://raw.githubusercontent.com/AlexeyAB/darknet/master/cfg/yolov4-custom.cfg,convolutional,73,526,filters,256
https://raw.githubusercontent.com/AlexeyAB/darknet/master/cfg/yolov4-custom.cfg,convolutional,73,527,size,3
https://raw.githubusercontent.com/AlexeyAB/darknet/master/cfg/yolov4-custom.cfg,convolutional,73,528,stride,1
https://raw.githubusercontent.com/AlexeyAB/darknet/master/cfg/yolov4-custom.cfg,convolutional,73,529,pad,1
https://raw.githubusercontent.com/AlexeyAB/darknet/master/cfg/yolov4-custom.cfg,convolutional,73,530,activation,mish
https://raw.githubusercontent.com/AlexeyAB/darknet/master/cfg/yolov4-custom.cfg,shortcut,74,533,from,-3
https://raw.githubusercontent.com/AlexeyAB/darknet/master/cfg/yolov4-custom.cfg,shortcut,74,534,activation,linear
https://raw.githubusercontent.com/AlexeyAB/darknet/master/cfg/yolov4-custom.cfg,convolutional,75,538,batch_normalize,1
https://raw.githubusercontent.com/AlexeyAB/darknet/master/cfg/yolov4-custom.cfg,convolutional,75,539,filters,256
https://raw.githubusercontent.com/AlexeyAB/darknet/master/cfg/yolov4-custom.cfg,convolutional,75,540,size,1
https://raw.githubusercontent.com/AlexeyAB/darknet/master/cfg/yolov4-custom.cfg,convolutional,75,541,stride,1
https://raw.githubusercontent.com/AlexeyAB/darknet/master/cfg/yolov4-custom.cfg,convolutional,75,542,pad,1
https://raw.githubusercontent.com/AlexeyAB/darknet/master/cfg/yolov4-custom.cfg,convolutional,75,543,activation,mish
https://raw.githubusercontent.com/AlexeyAB/darknet/master/cfg/yolov4-custom.cfg,convolutional,76,546,batch_normalize,1
https://raw.githubusercontent.com/AlexeyAB/darknet/master/cfg/yolov4-custom.cfg,convolutional,76,547,filters,256
https://raw.githubusercontent.com/AlexeyAB/darknet/master/cfg/yolov4-custom.cfg,convolutional,76,548,size,3
https://raw.githubusercontent.com/AlexeyAB/darknet/master/cfg/yolov4-custom.cfg,convolutional,76,549,stride,1
https://raw.githubusercontent.com/AlexeyAB/darknet/master/cfg/yolov4-custom.cfg,convolutional,76,550,pad,1
https://raw.githubusercontent.com/AlexeyAB/darknet/master/cfg/yolov4-custom.cfg,convolutional,76,551,activation,mish
https://raw.githubusercontent.com/AlexeyAB/darknet/master/cfg/yolov4-custom.cfg,shortcut,77,554,from,-3
https://raw.githubusercontent.com/AlexeyAB/darknet/master/cfg/yolov4-custom.cfg,shortcut,77,555,activation,linear
https://raw.githubusercontent.com/AlexeyAB/darknet/master/cfg/yolov4-custom.cfg,convolutional,78,559,batch_normalize,1
https://raw.githubusercontent.com/AlexeyAB/darknet/master/cfg/yolov4-custom.cfg,convolutional,78,560,filters,256
https://raw.githubusercontent.com/AlexeyAB/darknet/master/cfg/yolov4-custom.cfg,convolutional,78,561,size,1
https://raw.githubusercontent.com/AlexeyAB/darknet/master/cfg/yolov4-custom.cfg,convolutional,78,562,stride,1
https://raw.githubusercontent.com/AlexeyAB/darknet/master/cfg/yolov4-custom.cfg,convolutional,78,563,pad,1
https://raw.githubusercontent.com/AlexeyAB/darknet/master/cfg/yolov4-custom.cfg,convolutional,78,564,activation,mish
https://raw.githubusercontent.com/AlexeyAB/darknet/master/cfg/yolov4-custom.cfg,convolutional,79,567,batch_normalize,1
https://raw.githubusercontent.com/AlexeyAB/darknet/master/cfg/yolov4-custom.cfg,convolutional,79,568,filters,256
https://raw.githubusercontent.com/AlexeyAB/darknet/master/cfg/yolov4-custom.cfg,convolutional,79,569,size,3
https://raw.githubusercontent.com/AlexeyAB/darknet/master/cfg/yolov4-custom.cfg,convolutional,79,570,stride,1
https://raw.githubusercontent.com/AlexeyAB/darknet/master/cfg/yolov4-custom.cfg,convolutional,79,571,pad,1
https://raw.githubusercontent.com/AlexeyAB/darknet/master/cfg/yolov4-custom.cfg,convolutional,79,572,activation,mish
https://raw.githubusercontent.com/AlexeyAB/darknet/master/cfg/yolov4-custom.cfg,shortcut,80,575,from,-3
https://raw.githubusercontent.com/AlexeyAB/darknet/master/cfg/yolov4-custom.cfg,shortcut,80,576,activation,linear
https://raw.githubusercontent.com/AlexeyAB/darknet/master/cfg/yolov4-custom.cfg,convolutional,81,579,batch_normalize,1
https://raw.githubusercontent.com/AlexeyAB/darknet/master/cfg/yolov4-custom.cfg,convolutional,81,580,filters,256
https://raw.githubusercontent.com/AlexeyAB/darknet/master/cfg/yolov4-custom.cfg,convolutional,81,581,size,1
https://raw.githubusercontent.com/AlexeyAB/darknet/master/cfg/yolov4-custom.cfg,convolutional,81,582,stride,1
https://raw.githubusercontent.com/AlexeyAB/darknet/master/cfg/yolov4-custom.cfg,convolutional,81,583,pad,1
https://raw.githubusercontent.com/AlexeyAB/darknet/master/cfg/yolov4-custom.cfg,convolutional,81,584,activation,mish
https://raw.githubusercontent.com/AlexeyAB/darknet/master/cfg/yolov4-custom.cfg,convolutional,82,587,batch_normalize,1
https://raw.githubusercontent.com/AlexeyAB/darknet/master/cfg/yolov4-custom.cfg,convolutional,82,588,filters,256
https://raw.githubusercontent.com/AlexeyAB/darknet/master/cfg/yolov4-custom.cfg,convolutional,82,589,size,3
https://raw.githubusercontent.com/AlexeyAB/darknet/master/cfg/yolov4-custom.cfg,convolutional,82,590,stride,1
https://raw.githubusercontent.com/AlexeyAB/darknet/master/cfg/yolov4-custom.cfg,convolutional,82,591,pad,1
https://raw.githubusercontent.com/AlexeyAB/darknet/master/cfg/yolov4-custom.cfg,convolutional,82,592,activation,mish
https://raw.githubusercontent.com/AlexeyAB/darknet/master/cfg/yolov4-custom.cfg,shortcut,83,595,from,-3
https://raw.githubusercontent.com/AlexeyAB/darknet/master/cfg/yolov4-custom.cfg,shortcut,83,596,activation,linear
https://raw.githubusercontent.com/AlexeyAB/darknet/master/cfg/yolov4-custom.cfg,convolutional,84,599,batch_normalize,1
https://raw.githubusercontent.com/AlexeyAB/darknet/master/cfg/yolov4-custom.cfg,convolutional,84,600,filters,256
https://raw.githubusercontent.com/AlexeyAB/darknet/master/cfg/yolov4-custom.cfg,convolutional,84,601,size,1
https://raw.githubusercontent.com/AlexeyAB/darknet/master/cfg/yolov4-custom.cfg,convolutional,84,602,stride,1
https://raw.githubusercontent.com/AlexeyAB/darknet/master/cfg/yolov4-custom.cfg,convolutional,84,603,pad,1
https://raw.githubusercontent.com/AlexeyAB/darknet/master/cfg/yolov4-custom.cfg,convolutional,84,604,activation,mish
https://raw.githubusercontent.com/AlexeyAB/darknet/master/cfg/yolov4-custom.cfg,route,85,607,layers,"-1,-28"
https://raw.githubusercontent.com/AlexeyAB/darknet/master/cfg/yolov4-custom.cfg,convolutional,86,610,batch_normalize,1
https://raw.githubusercontent.com/AlexeyAB/darknet/master/cfg/yolov4-custom.cfg,convolutional,86,611,filters,512
https://raw.githubusercontent.com/AlexeyAB/darknet/master/cfg/yolov4-custom.cfg,convolutional,86,612,size,1
https://raw.githubusercontent.com/AlexeyAB/darknet/master/cfg/yolov4-custom.cfg,convolutional,86,613,stride,1
https://raw.githubusercontent.com/AlexeyAB/darknet/master/cfg/yolov4-custom.cfg,convolutional,86,614,pad,1
https://raw.githubusercontent.com/AlexeyAB/darknet/master/cfg/yolov4-custom.cfg,convolutional,86,615,activation,mish
https://raw.githubusercontent.com/AlexeyAB/darknet/master/cfg/yolov4-custom.cfg,convolutional,87,620,batch_normalize,1
https://raw.githubusercontent.com/AlexeyAB/darknet/master/cfg/yolov4-custom.cfg,convolutional,87,621,filters,1024
https://raw.githubusercontent.com/AlexeyAB/darknet/master/cfg/yolov4-custom.cfg,convolutional,87,622,size,3
https://raw.githubusercontent.com/AlexeyAB/darknet/master/cfg/yolov4-custom.cfg,convolutional,87,623,stride,2
https://raw.githubusercontent.com/AlexeyAB/darknet/master/cfg/yolov4-custom.cfg,convolutional,87,624,pad,1
https://raw.githubusercontent.com/AlexeyAB/darknet/master/cfg/yolov4-custom.cfg,convolutional,87,625,activation,mish
https://raw.githubusercontent.com/AlexeyAB/darknet/master/cfg/yolov4-custom.cfg,convolutional,88,628,batch_normalize,1
https://raw.githubusercontent.com/AlexeyAB/darknet/master/cfg/yolov4-custom.cfg,convolutional,88,629,filters,512
https://raw.githubusercontent.com/AlexeyAB/darknet/master/cfg/yolov4-custom.cfg,convolutional,88,630,size,1
https://raw.githubusercontent.com/AlexeyAB/darknet/master/cfg/yolov4-custom.cfg,convolutional,88,631,stride,1
https://raw.githubusercontent.com/AlexeyAB/darknet/master/cfg/yolov4-custom.cfg,convolutional,88,632,pad,1
https://raw.githubusercontent.com/AlexeyAB/darknet/master/cfg/yolov4-custom.cfg,convolutional,88,633,activation,mish
https://raw.githubusercontent.com/AlexeyAB/darknet/master/cfg/yolov4-custom.cfg,route,89,636,layers,-2
https://raw.githubusercontent.com/AlexeyAB/darknet/master/cfg/yolov4-custom.cfg,convolutional,90,639,batch_normalize,1
https://raw.githubusercontent.com/AlexeyAB/darknet/master/cfg/yolov4-custom.cfg,convolutional,90,640,filters,512
https://raw.githubusercontent.com/AlexeyAB/darknet/master/cfg/yolov4-custom.cfg,convolutional,90,641,size,1
https://raw.githubusercontent.com/AlexeyAB/darknet/master/cfg/yolov4-custom.cfg,convolutional,90,642,stride,1
https://raw.githubusercontent.com/AlexeyAB/darknet/master/cfg/yolov4-custom.cfg,convolutional,90,643,pad,1
https://raw.githubusercontent.com/AlexeyAB/darknet/master/cfg/yolov4-custom.cfg,convolutional,90,644,activation,mish
https://raw.githubusercontent.com/AlexeyAB/darknet/master/cfg/yolov4-custom.cfg,convolutional,91,647,batch_normalize,1
https://raw.githubusercontent.com/AlexeyAB/darknet/master/cfg/yolov4-custom.cfg,convolutional,91,648,filters,512
https://raw.githubusercontent.com/AlexeyAB/darknet/master/cfg/yolov4-custom.cfg,convolutional,91,649,size,1
https://raw.githubusercontent.com/AlexeyAB/darknet/master/cfg/yolov4-custom.cfg,convolutional,91,650,stride,1
https://raw.githubusercontent.com/AlexeyAB/darknet/master/cfg/yolov4-custom.cfg,convolutional,91,651,pad,1
https://raw.githubusercontent.com/AlexeyAB/darknet/master/cfg/yolov4-custom.cfg,convolutional,91,652,activation,mish
https://raw.githubusercontent.com/AlexeyAB/darknet/master/cfg/yolov4-custom.cfg,convolutional,92,655,batch_normalize,1
https://raw.githubusercontent.com/AlexeyAB/darknet/master/cfg/yolov4-custom.cfg,convolutional,92,656,filters,512
https://raw.githubusercontent.com/AlexeyAB/darknet/master/cfg/yolov4-custom.cfg,convolutional,92,657,size,3
https://raw.githubusercontent.com/AlexeyAB/darknet/master/cfg/yolov4-custom.cfg,convolutional,92,658,stride,1
https://raw.githubusercontent.com/AlexeyAB/darknet/master/cfg/yolov4-custom.cfg,convolutional,92,659,pad,1
https://raw.githubusercontent.com/AlexeyAB/darknet/master/cfg/yolov4-custom.cfg,convolutional,92,660,activation,mish
https://raw.githubusercontent.com/AlexeyAB/darknet/master/cfg/yolov4-custom.cfg,shortcut,93,663,from,-3
https://raw.githubusercontent.com/AlexeyAB/darknet/master/cfg/yolov4-custom.cfg,shortcut,93,664,activation,linear
https://raw.githubusercontent.com/AlexeyAB/darknet/master/cfg/yolov4-custom.cfg,convolutional,94,667,batch_normalize,1
https://raw.githubusercontent.com/AlexeyAB/darknet/master/cfg/yolov4-custom.cfg,convolutional,94,668,filters,512
https://raw.githubusercontent.com/AlexeyAB/darknet/master/cfg/yolov4-custom.cfg,convolutional,94,669,size,1
https://raw.githubusercontent.com/AlexeyAB/darknet/master/cfg/yolov4-custom.cfg,convolutional,94,670,stride,1
https://raw.githubusercontent.com/AlexeyAB/darknet/master/cfg/yolov4-custom.cfg,convolutional,94,671,pad,1
https://raw.githubusercontent.com/AlexeyAB/darknet/master/cfg/yolov4-custom.cfg,convolutional,94,672,activation,mish
https://raw.githubusercontent.com/AlexeyAB/darknet/master/cfg/yolov4-custom.cfg,convolutional,95,675,batch_normalize,1
https://raw.githubusercontent.com/AlexeyAB/darknet/master/cfg/yolov4-custom.cfg,convolutional,95,676,filters,512
https://raw.githubusercontent.com/AlexeyAB/darknet/master/cfg/yolov4-custom.cfg,convolutional,95,677,size,3
https://raw.githubusercontent.com/AlexeyAB/darknet/master/cfg/yolov4-custom.cfg,convolutional,95,678,stride,1
https://raw.githubusercontent.com/AlexeyAB/darknet/master/cfg/yolov4-custom.cfg,convolutional,95,679,pad,1
https://raw.githubusercontent.com/AlexeyAB/darknet/master/cfg/yolov4-custom.cfg,convolutional,95,680,activation,mish
https://raw.githubusercontent.com/AlexeyAB/darknet/master/cfg/yolov4-custom.cfg,shortcut,96,683,from,-3
https://raw.githubusercontent.com/AlexeyAB/darknet/master/cfg/yolov4-custom.cfg,shortcut,96,684,activation,linear
https://raw.githubusercontent.com/AlexeyAB/darknet/master/cfg/yolov4-custom.cfg,convolutional,97,687,batch_normalize,1
https://raw.githubusercontent.com/AlexeyAB/darknet/master/cfg/yolov4-custom.cfg,convolutional,97,688,filters,512
https://raw.githubusercontent.com/AlexeyAB/darknet/master/cfg/yolov4-custom.cfg,convolutional,97,689,size,1
https://raw.githubusercontent.com/AlexeyAB/darknet/master/cfg/yolov4-custom.cfg,convolutional,97,690,stride,1
https://raw.githubusercontent.com/AlexeyAB/darknet/master/cfg/yolov4-custom.cfg,convolutional,97,691,pad,1
https://raw.githubusercontent.com/AlexeyAB/darknet/master/cfg/yolov4-custom.cfg,convolutional,97,692,activation,mish
https://raw.githubusercontent.com/AlexeyAB/darknet/master/cfg/yolov4-custom.cfg,convolutional,98,695,batch_normalize,1
https://raw.githubusercontent.com/AlexeyAB/darknet/master/cfg/yolov4-custom.cfg,convolutional,98,696,filters,512
https://raw.githubusercontent.com/AlexeyAB/darknet/master/cfg/yolov4-custom.cfg,convolutional,98,697,size,3
https://raw.githubusercontent.com/AlexeyAB/darknet/master/cfg/yolov4-custom.cfg,convolutional,98,698,stride,1
https://raw.githubusercontent.com/AlexeyAB/darknet/master/cfg/yolov4-custom.cfg,convolutional,98,699,pad,1
https://raw.githubusercontent.com/AlexeyAB/darknet/master/cfg/yolov4-custom.cfg,convolutional,98,700,activation,mish
https://raw.githubusercontent.com/AlexeyAB/darknet/master/cfg/yolov4-custom.cfg,shortcut,99,703,from,-3
https://raw.githubusercontent.com/AlexeyAB/darknet/master/cfg/yolov4-custom.cfg,shortcut,99,704,activation,linear
https://raw.githubusercontent.com/AlexeyAB/darknet/master/cfg/yolov4-custom.cfg,convolutional,100,707,batch_normalize,1
https://raw.githubusercontent.com/AlexeyAB/darknet/master/cfg/yolov4-custom.cfg,convolutional,100,708,filters,512
https://raw.githubusercontent.com/AlexeyAB/darknet/master/cfg/yolov4-custom.cfg,convolutional,100,709,size,1
https://raw.githubusercontent.com/AlexeyAB/darknet/master/cfg/yolov4-custom.cfg,convolutional,100,710,stride,1
https://raw.githubusercontent.com/AlexeyAB/darknet/master/cfg/yolov4-custom.cfg,convolutional,100,711,pad,1
https://raw.githubusercontent.com/AlexeyAB/darknet/master/cfg/yolov4-custom.cfg,convolutional,100,712,activation,mish
https://raw.githubusercontent.com/AlexeyAB/darknet/master/cfg/yolov4-custom.cfg,convolutional,101,715,batch_normalize,1
https://raw.githubusercontent.com/AlexeyAB/darknet/master/cfg/yolov4-custom.cfg,convolutional,101,716,filters,512
https://raw.githubusercontent.com/AlexeyAB/darknet/master/cfg/yolov4-custom.cfg,convolutional,101,717,size,3
https://raw.githubusercontent.com/AlexeyAB/darknet/master/cfg/yolov4-custom.cfg,convolutional,101,718,stride,1
https://raw.githubusercontent.com/AlexeyAB/darknet/master/cfg/yolov4-custom.cfg,convolutional,101,719,pad,1
https://raw.githubusercontent.com/AlexeyAB/darknet/master/cfg/yolov4-custom.cfg,convolutional,101,720,activation,mish
https://raw.githubusercontent.com/AlexeyAB/darknet/master/cfg/yolov4-custom.cfg,shortcut,102,723,from,-3
https://raw.githubusercontent.com/AlexeyAB/darknet/master/cfg/yolov4-custom.cfg,shortcut,102,724,activation,linear
https://raw.githubusercontent.com/AlexeyAB/darknet/master/cfg/yolov4-custom.cfg,convolutional,103,727,batch_normalize,1
https://raw.githubusercontent.com/AlexeyAB/darknet/master/cfg/yolov4-custom.cfg,convolutional,103,728,filters,512
https://raw.githubusercontent.com/AlexeyAB/darknet/master/cfg/yolov4-custom.cfg,convolutional,103,729,size,1
https://raw.githubusercontent.com/AlexeyAB/darknet/master/cfg/yolov4-custom.cfg,convolutional,103,730,stride,1
https://raw.githubusercontent.com/AlexeyAB/darknet/master/cfg/yolov4-custom.cfg,convolutional,103,731,pad,1
https://raw.githubusercontent.com/AlexeyAB/darknet/master/cfg/yolov4-custom.cfg,convolutional,103,732,activation,mish
https://raw.githubusercontent.com/AlexeyAB/darknet/master/cfg/yolov4-custom.cfg,route,104,735,layers,"-1,-16"
https://raw.githubusercontent.com/AlexeyAB/darknet/master/cfg/yolov4-custom.cfg,convolutional,105,738,batch_normalize,1
https://raw.githubusercontent.com/AlexeyAB/darknet/master/cfg/yolov4-custom.cfg,convolutional,105,739,filters,1024
https://raw.githubusercontent.com/AlexeyAB/darknet/master/cfg/yolov4-custom.cfg,convolutional,105,740,size,1
https://raw.githubusercontent.com/AlexeyAB/darknet/master/cfg/yolov4-custom.cfg,convolutional,105,741,stride,1
https://raw.githubusercontent.com/AlexeyAB/darknet/master/cfg/yolov4-custom.cfg,convolutional,105,742,pad,1
https://raw.githubusercontent.com/AlexeyAB/darknet/master/cfg/yolov4-custom.cfg,convolutional,105,743,activation,mish
https://raw.githubusercontent.com/AlexeyAB/darknet/master/cfg/yolov4-custom.cfg,convolutional,105,744,stopbackward,800
https://raw.githubusercontent.com/AlexeyAB/darknet/master/cfg/yolov4-custom.cfg,convolutional,106,749,batch_normalize,1
https://raw.githubusercontent.com/AlexeyAB/darknet/master/cfg/yolov4-custom.cfg,convolutional,106,750,filters,512
https://raw.githubusercontent.com/AlexeyAB/darknet/master/cfg/yolov4-custom.cfg,convolutional,106,751,size,1
https://raw.githubusercontent.com/AlexeyAB/darknet/master/cfg/yolov4-custom.cfg,convolutional,106,752,stride,1
https://raw.githubusercontent.com/AlexeyAB/darknet/master/cfg/yolov4-custom.cfg,convolutional,106,753,pad,1
https://raw.githubusercontent.com/AlexeyAB/darknet/master/cfg/yolov4-custom.cfg,convolutional,106,754,activation,leaky
https://raw.githubusercontent.com/AlexeyAB/darknet/master/cfg/yolov4-custom.cfg,convolutional,107,757,batch_normalize,1
https://raw.githubusercontent.com/AlexeyAB/darknet/master/cfg/yolov4-custom.cfg,convolutional,107,758,size,3
https://raw.githubusercontent.com/AlexeyAB/darknet/master/cfg/yolov4-custom.cfg,convolutional,107,759,stride,1
https://raw.githubusercontent.com/AlexeyAB/darknet/master/cfg/yolov4-custom.cfg,convolutional,107,760,pad,1
https://raw.githubusercontent.com/AlexeyAB/darknet/master/cfg/yolov4-custom.cfg,convolutional,107,761,filters,1024
https://raw.githubusercontent.com/AlexeyAB/darknet/master/cfg/yolov4-custom.cfg,convolutional,107,762,activation,leaky
https://raw.githubusercontent.com/AlexeyAB/darknet/master/cfg/yolov4-custom.cfg,convolutional,108,765,batch_normalize,1
https://raw.githubusercontent.com/AlexeyAB/darknet/master/cfg/yolov4-custom.cfg,convolutional,108,766,filters,512
https://raw.githubusercontent.com/AlexeyAB/darknet/master/cfg/yolov4-custom.cfg,convolutional,108,767,size,1
https://raw.githubusercontent.com/AlexeyAB/darknet/master/cfg/yolov4-custom.cfg,convolutional,108,768,stride,1
https://raw.githubusercontent.com/AlexeyAB/darknet/master/cfg/yolov4-custom.cfg,convolutional,108,769,pad,1
https://raw.githubusercontent.com/AlexeyAB/darknet/master/cfg/yolov4-custom.cfg,convolutional,108,770,activation,leaky
https://raw.githubusercontent.com/AlexeyAB/darknet/master/cfg/yolov4-custom.cfg,maxpool,109,774,stride,1
https://raw.githubusercontent.com/AlexeyAB/darknet/master/cfg/yolov4-custom.cfg,maxpool,109,775,size,5
https://raw.githubusercontent.com/AlexeyAB/darknet/master/cfg/yolov4-custom.cfg,route,110,778,layers,-2
https://raw.githubusercontent.com/AlexeyAB/darknet/master/cfg/yolov4-custom.cfg,maxpool,111,781,stride,1
https://raw.githubusercontent.com/AlexeyAB/darknet/master/cfg/yolov4-custom.cfg,maxpool,111,782,size,9
https://raw.githubusercontent.com/AlexeyAB/darknet/master/cfg/yolov4-custom.cfg,route,112,785,layers,-4
https://raw.githubusercontent.com/AlexeyAB/darknet/master/cfg/yolov4-custom.cfg,maxpool,113,788,stride,1
https://raw.githubusercontent.com/AlexeyAB/darknet/master/cfg/yolov4-custom.cfg,maxpool,113,789,size,13
https://raw.githubusercontent.com/AlexeyAB/darknet/master/cfg/yolov4-custom.cfg,route,114,792,layers,"-1,-3,-5,-6"
https://raw.githubusercontent.com/AlexeyAB/darknet/master/cfg/yolov4-custom.cfg,convolutional,115,796,batch_normalize,1
https://raw.githubusercontent.com/AlexeyAB/darknet/master/cfg/yolov4-custom.cfg,convolutional,115,797,filters,512
https://raw.githubusercontent.com/AlexeyAB/darknet/master/cfg/yolov4-custom.cfg,convolutional,115,798,size,1
https://raw.githubusercontent.com/AlexeyAB/darknet/master/cfg/yolov4-custom.cfg,convolutional,115,799,stride,1
https://raw.githubusercontent.com/AlexeyAB/darknet/master/cfg/yolov4-custom.cfg,convolutional,115,800,pad,1
https://raw.githubusercontent.com/AlexeyAB/darknet/master/cfg/yolov4-custom.cfg,convolutional,115,801,activation,leaky
https://raw.githubusercontent.com/AlexeyAB/darknet/master/cfg/yolov4-custom.cfg,convolutional,116,804,batch_normalize,1
https://raw.githubusercontent.com/AlexeyAB/darknet/master/cfg/yolov4-custom.cfg,convolutional,116,805,size,3
https://raw.githubusercontent.com/AlexeyAB/darknet/master/cfg/yolov4-custom.cfg,convolutional,116,806,stride,1
https://raw.githubusercontent.com/AlexeyAB/darknet/master/cfg/yolov4-custom.cfg,convolutional,116,807,pad,1
https://raw.githubusercontent.com/AlexeyAB/darknet/master/cfg/yolov4-custom.cfg,convolutional,116,808,filters,1024
https://raw.githubusercontent.com/AlexeyAB/darknet/master/cfg/yolov4-custom.cfg,convolutional,116,809,activation,leaky
https://raw.githubusercontent.com/AlexeyAB/darknet/master/cfg/yolov4-custom.cfg,convolutional,117,812,batch_normalize,1
https://raw.githubusercontent.com/AlexeyAB/darknet/master/cfg/yolov4-custom.cfg,convolutional,117,813,filters,512
https://raw.githubusercontent.com/AlexeyAB/darknet/master/cfg/yolov4-custom.cfg,convolutional,117,814,size,1
https://raw.githubusercontent.com/AlexeyAB/darknet/master/cfg/yolov4-custom.cfg,convolutional,117,815,stride,1
https://raw.githubusercontent.com/AlexeyAB/darknet/master/cfg/yolov4-custom.cfg,convolutional,117,816,pad,1
https://raw.githubusercontent.com/AlexeyAB/darknet/master/cfg/yolov4-custom.cfg,convolutional,117,817,activation,leaky
https://raw.githubusercontent.com/AlexeyAB/darknet/master/cfg/yolov4-custom.cfg,convolutional,118,820,batch_normalize,1
https://raw.githubusercontent.com/AlexeyAB/darknet/master/cfg/yolov4-custom.cfg,convolutional,118,821,filters,256
https://raw.githubusercontent.com/AlexeyAB/darknet/master/cfg/yolov4-custom.cfg,convolutional,118,822,size,1
https://raw.githubusercontent.com/AlexeyAB/darknet/master/cfg/yolov4-custom.cfg,convolutional,118,823,stride,1
https://raw.githubusercontent.com/AlexeyAB/darknet/master/cfg/yolov4-custom.cfg,convolutional,118,824,pad,1
https://raw.githubusercontent.com/AlexeyAB/darknet/master/cfg/yolov4-custom.cfg,convolutional,118,825,activation,leaky
https://raw.githubusercontent.com/AlexeyAB/darknet/master/cfg/yolov4-custom.cfg,upsample,119,828,stride,2
https://raw.githubusercontent.com/AlexeyAB/darknet/master/cfg/yolov4-custom.cfg,route,120,831,layers,85
https://raw.githubusercontent.com/AlexeyAB/darknet/master/cfg/yolov4-custom.cfg,convolutional,121,834,batch_normalize,1
https://raw.githubusercontent.com/AlexeyAB/darknet/master/cfg/yolov4-custom.cfg,convolutional,121,835,filters,256
https://raw.githubusercontent.com/AlexeyAB/darknet/master/cfg/yolov4-custom.cfg,convolutional,121,836,size,1
https://raw.githubusercontent.com/AlexeyAB/darknet/master/cfg/yolov4-custom.cfg,convolutional,121,837,stride,1
https://raw.githubusercontent.com/AlexeyAB/darknet/master/cfg/yolov4-custom.cfg,convolutional,121,838,pad,1
https://raw.githubusercontent.com/AlexeyAB/darknet/master/cfg/yolov4-custom.cfg,convolutional,121,839,activation,leaky
https://raw.githubusercontent.com/AlexeyAB/darknet/master/cfg/yolov4-custom.cfg,route,122,842,layers,"-1, -3"
https://raw.githubusercontent.com/AlexeyAB/darknet/master/cfg/yolov4-custom.cfg,convolutional,123,845,batch_normalize,1
https://raw.githubusercontent.com/AlexeyAB/darknet/master/cfg/yolov4-custom.cfg,convolutional,123,846,filters,256
https://raw.githubusercontent.com/AlexeyAB/darknet/master/cfg/yolov4-custom.cfg,convolutional,123,847,size,1
https://raw.githubusercontent.com/AlexeyAB/darknet/master/cfg/yolov4-custom.cfg,convolutional,123,848,stride,1
https://raw.githubusercontent.com/AlexeyAB/darknet/master/cfg/yolov4-custom.cfg,convolutional,123,849,pad,1
https://raw.githubusercontent.com/AlexeyAB/darknet/master/cfg/yolov4-custom.cfg,convolutional,123,850,activation,leaky
https://raw.githubusercontent.com/AlexeyAB/darknet/master/cfg/yolov4-custom.cfg,convolutional,124,853,batch_normalize,1
https://raw.githubusercontent.com/AlexeyAB/darknet/master/cfg/yolov4-custom.cfg,convolutional,124,854,size,3
https://raw.githubusercontent.com/AlexeyAB/darknet/master/cfg/yolov4-custom.cfg,convolutional,124,855,stride,1
https://raw.githubusercontent.com/AlexeyAB/darknet/master/cfg/yolov4-custom.cfg,convolutional,124,856,pad,1
https://raw.githubusercontent.com/AlexeyAB/darknet/master/cfg/yolov4-custom.cfg,convolutional,124,857,filters,512
https://raw.githubusercontent.com/AlexeyAB/darknet/master/cfg/yolov4-custom.cfg,convolutional,124,858,activation,leaky
https://raw.githubusercontent.com/AlexeyAB/darknet/master/cfg/yolov4-custom.cfg,convolutional,125,861,batch_normalize,1
https://raw.githubusercontent.com/AlexeyAB/darknet/master/cfg/yolov4-custom.cfg,convolutional,125,862,filters,256
https://raw.githubusercontent.com/AlexeyAB/darknet/master/cfg/yolov4-custom.cfg,convolutional,125,863,size,1
https://raw.githubusercontent.com/AlexeyAB/darknet/master/cfg/yolov4-custom.cfg,convolutional,125,864,stride,1
https://raw.githubusercontent.com/AlexeyAB/darknet/master/cfg/yolov4-custom.cfg,convolutional,125,865,pad,1
https://raw.githubusercontent.com/AlexeyAB/darknet/master/cfg/yolov4-custom.cfg,convolutional,125,866,activation,leaky
https://raw.githubusercontent.com/AlexeyAB/darknet/master/cfg/yolov4-custom.cfg,convolutional,126,869,batch_normalize,1
https://raw.githubusercontent.com/AlexeyAB/darknet/master/cfg/yolov4-custom.cfg,convolutional,126,870,size,3
https://raw.githubusercontent.com/AlexeyAB/darknet/master/cfg/yolov4-custom.cfg,convolutional,126,871,stride,1
https://raw.githubusercontent.com/AlexeyAB/darknet/master/cfg/yolov4-custom.cfg,convolutional,126,872,pad,1
https://raw.githubusercontent.com/AlexeyAB/darknet/master/cfg/yolov4-custom.cfg,convolutional,126,873,filters,512
https://raw.githubusercontent.com/AlexeyAB/darknet/master/cfg/yolov4-custom.cfg,convolutional,126,874,activation,leaky
https://raw.githubusercontent.com/AlexeyAB/darknet/master/cfg/yolov4-custom.cfg,convolutional,127,877,batch_normalize,1
https://raw.githubusercontent.com/AlexeyAB/darknet/master/cfg/yolov4-custom.cfg,convolutional,127,878,filters,256
https://raw.githubusercontent.com/AlexeyAB/darknet/master/cfg/yolov4-custom.cfg,convolutional,127,879,size,1
https://raw.githubusercontent.com/AlexeyAB/darknet/master/cfg/yolov4-custom.cfg,convolutional,127,880,stride,1
https://raw.githubusercontent.com/AlexeyAB/darknet/master/cfg/yolov4-custom.cfg,convolutional,127,881,pad,1
https://raw.githubusercontent.com/AlexeyAB/darknet/master/cfg/yolov4-custom.cfg,convolutional,127,882,activation,leaky
https://raw.githubusercontent.com/AlexeyAB/darknet/master/cfg/yolov4-custom.cfg,convolutional,128,885,batch_normalize,1
https://raw.githubusercontent.com/AlexeyAB/darknet/master/cfg/yolov4-custom.cfg,convolutional,128,886,filters,128
https://raw.githubusercontent.com/AlexeyAB/darknet/master/cfg/yolov4-custom.cfg,convolutional,128,887,size,1
https://raw.githubusercontent.com/AlexeyAB/darknet/master/cfg/yolov4-custom.cfg,convolutional,128,888,stride,1
https://raw.githubusercontent.com/AlexeyAB/darknet/master/cfg/yolov4-custom.cfg,convolutional,128,889,pad,1
https://raw.githubusercontent.com/AlexeyAB/darknet/master/cfg/yolov4-custom.cfg,convolutional,128,890,activation,leaky
https://raw.githubusercontent.com/AlexeyAB/darknet/master/cfg/yolov4-custom.cfg,upsample,129,893,stride,2
https://raw.githubusercontent.com/AlexeyAB/darknet/master/cfg/yolov4-custom.cfg,route,130,896,layers,54
https://raw.githubusercontent.com/AlexeyAB/darknet/master/cfg/yolov4-custom.cfg,convolutional,131,899,batch_normalize,1
https://raw.githubusercontent.com/AlexeyAB/darknet/master/cfg/yolov4-custom.cfg,convolutional,131,900,filters,128
https://raw.githubusercontent.com/AlexeyAB/darknet/master/cfg/yolov4-custom.cfg,convolutional,131,901,size,1
https://raw.githubusercontent.com/AlexeyAB/darknet/master/cfg/yolov4-custom.cfg,convolutional,131,902,stride,1
https://raw.githubusercontent.com/AlexeyAB/darknet/master/cfg/yolov4-custom.cfg,convolutional,131,903,pad,1
https://raw.githubusercontent.com/AlexeyAB/darknet/master/cfg/yolov4-custom.cfg,convolutional,131,904,activation,leaky
https://raw.githubusercontent.com/AlexeyAB/darknet/master/cfg/yolov4-custom.cfg,route,132,907,layers,"-1, -3"
https://raw.githubusercontent.com/AlexeyAB/darknet/master/cfg/yolov4-custom.cfg,convolutional,133,910,batch_normalize,1
https://raw.githubusercontent.com/AlexeyAB/darknet/master/cfg/yolov4-custom.cfg,convolutional,133,911,filters,128
https://raw.githubusercontent.com/AlexeyAB/darknet/master/cfg/yolov4-custom.cfg,convolutional,133,912,size,1
https://raw.githubusercontent.com/AlexeyAB/darknet/master/cfg/yolov4-custom.cfg,convolutional,133,913,stride,1
https://raw.githubusercontent.com/AlexeyAB/darknet/master/cfg/yolov4-custom.cfg,convolutional,133,914,pad,1
https://raw.githubusercontent.com/AlexeyAB/darknet/master/cfg/yolov4-custom.cfg,convolutional,133,915,activation,leaky
https://raw.githubusercontent.com/AlexeyAB/darknet/master/cfg/yolov4-custom.cfg,convolutional,134,918,batch_normalize,1
https://raw.githubusercontent.com/AlexeyAB/darknet/master/cfg/yolov4-custom.cfg,convolutional,134,919,size,3
https://raw.githubusercontent.com/AlexeyAB/darknet/master/cfg/yolov4-custom.cfg,convolutional,134,920,stride,1
https://raw.githubusercontent.com/AlexeyAB/darknet/master/cfg/yolov4-custom.cfg,convolutional,134,921,pad,1
https://raw.githubusercontent.com/AlexeyAB/darknet/master/cfg/yolov4-custom.cfg,convolutional,134,922,filters,256
https://raw.githubusercontent.com/AlexeyAB/darknet/master/cfg/yolov4-custom.cfg,convolutional,134,923,activation,leaky
https://raw.githubusercontent.com/AlexeyAB/darknet/master/cfg/yolov4-custom.cfg,convolutional,135,926,batch_normalize,1
https://raw.githubusercontent.com/AlexeyAB/darknet/master/cfg/yolov4-custom.cfg,convolutional,135,927,filters,128
https://raw.githubusercontent.com/AlexeyAB/darknet/master/cfg/yolov4-custom.cfg,convolutional,135,928,size,1
https://raw.githubusercontent.com/AlexeyAB/darknet/master/cfg/yolov4-custom.cfg,convolutional,135,929,stride,1
https://raw.githubusercontent.com/AlexeyAB/darknet/master/cfg/yolov4-custom.cfg,convolutional,135,930,pad,1
https://raw.githubusercontent.com/AlexeyAB/darknet/master/cfg/yolov4-custom.cfg,convolutional,135,931,activation,leaky
https://raw.githubusercontent.com/AlexeyAB/darknet/master/cfg/yolov4-custom.cfg,convolutional,136,934,batch_normalize,1
https://raw.githubusercontent.com/AlexeyAB/darknet/master/cfg/yolov4-custom.cfg,convolutional,136,935,size,3
https://raw.githubusercontent.com/AlexeyAB/darknet/master/cfg/yolov4-custom.cfg,convolutional,136,936,stride,1
https://raw.githubusercontent.com/AlexeyAB/darknet/master/cfg/yolov4-custom.cfg,convolutional,136,937,pad,1
https://raw.githubusercontent.com/AlexeyAB/darknet/master/cfg/yolov4-custom.cfg,convolutional,136,938,filters,256
https://raw.githubusercontent.com/AlexeyAB/darknet/master/cfg/yolov4-custom.cfg,convolutional,136,939,activation,leaky
https://raw.githubusercontent.com/AlexeyAB/darknet/master/cfg/yolov4-custom.cfg,convolutional,137,942,batch_normalize,1
https://raw.githubusercontent.com/AlexeyAB/darknet/master/cfg/yolov4-custom.cfg,convolutional,137,943,filters,128
https://raw.githubusercontent.com/AlexeyAB/darknet/master/cfg/yolov4-custom.cfg,convolutional,137,944,size,1
https://raw.githubusercontent.com/AlexeyAB/darknet/master/cfg/yolov4-custom.cfg,convolutional,137,945,stride,1
https://raw.githubusercontent.com/AlexeyAB/darknet/master/cfg/yolov4-custom.cfg,convolutional,137,946,pad,1
https://raw.githubusercontent.com/AlexeyAB/darknet/master/cfg/yolov4-custom.cfg,convolutional,137,947,activation,leaky
https://raw.githubusercontent.com/AlexeyAB/darknet/master/cfg/yolov4-custom.cfg,convolutional,138,952,batch_normalize,1
https://raw.githubusercontent.com/AlexeyAB/darknet/master/cfg/yolov4-custom.cfg,convolutional,138,953,size,3
https://raw.githubusercontent.com/AlexeyAB/darknet/master/cfg/yolov4-custom.cfg,convolutional,138,954,stride,1
https://raw.githubusercontent.com/AlexeyAB/darknet/master/cfg/yolov4-custom.cfg,convolutional,138,955,pad,1
https://raw.githubusercontent.com/AlexeyAB/darknet/master/cfg/yolov4-custom.cfg,convolutional,138,956,filters,256
https://raw.githubusercontent.com/AlexeyAB/darknet/master/cfg/yolov4-custom.cfg,convolutional,138,957,activation,leaky
https://raw.githubusercontent.com/AlexeyAB/darknet/master/cfg/yolov4-custom.cfg,convolutional,139,960,size,1
https://raw.githubusercontent.com/AlexeyAB/darknet/master/cfg/yolov4-custom.cfg,convolutional,139,961,stride,1
https://raw.githubusercontent.com/AlexeyAB/darknet/master/cfg/yolov4-custom.cfg,convolutional,139,962,pad,1
https://raw.githubusercontent.com/AlexeyAB/darknet/master/cfg/yolov4-custom.cfg,convolutional,139,963,filters,255
https://raw.githubusercontent.com/AlexeyAB/darknet/master/cfg/yolov4-custom.cfg,convolutional,139,964,activation,linear
https://raw.githubusercontent.com/AlexeyAB/darknet/master/cfg/yolov4-custom.cfg,yolo,140,968,mask,"0,1,2"
https://raw.githubusercontent.com/AlexeyAB/darknet/master/cfg/yolov4-custom.cfg,yolo,140,969,anchors,"12, 16, 19, 36, 40, 28, 36, 75, 76, 55, 72, 146, 142, 110, 192, 243, 459, 401"
https://raw.githubusercontent.com/AlexeyAB/darknet/master/cfg/yolov4-custom.cfg,yolo,140,970,classes,80
https://raw.githubusercontent.com/AlexeyAB/darknet/master/cfg/yolov4-custom.cfg,yolo,140,971,num,9
https://raw.githubusercontent.com/AlexeyAB/darknet/master/cfg/yolov4-custom.cfg,yolo,140,972,jitter,.3
https://raw.githubusercontent.com/AlexeyAB/darknet/master/cfg/yolov4-custom.cfg,yolo,140,973,ignore_thresh,.7
https://raw.githubusercontent.com/AlexeyAB/darknet/master/cfg/yolov4-custom.cfg,yolo,140,974,truth_thresh,1
https://raw.githubusercontent.com/AlexeyAB/darknet/master/cfg/yolov4-custom.cfg,yolo,140,975,scale_x_y,1.2
https://raw.githubusercontent.com/AlexeyAB/darknet/master/cfg/yolov4-custom.cfg,yolo,140,976,iou_thresh,0.213
https://raw.githubusercontent.com/AlexeyAB/darknet/master/cfg/yolov4-custom.cfg,yolo,140,977,cls_normalizer,1.0
https://raw.githubusercontent.com/AlexeyAB/darknet/master/cfg/yolov4-custom.cfg,yolo,140,978,iou_normalizer,0.07
https://raw.githubusercontent.com/AlexeyAB/darknet/master/cfg/yolov4-custom.cfg,yolo,140,979,iou_loss,ciou
https://raw.githubusercontent.com/AlexeyAB/darknet/master/cfg/yolov4-custom.cfg,yolo,140,980,nms_kind,greedynms
https://raw.githubusercontent.com/AlexeyAB/darknet/master/cfg/yolov4-custom.cfg,yolo,140,981,beta_nms,0.6
https://raw.githubusercontent.com/AlexeyAB/darknet/master/cfg/yolov4-custom.cfg,yolo,140,982,max_delta,5
https://raw.githubusercontent.com/AlexeyAB/darknet/master/cfg/yolov4-custom.cfg,route,141,986,layers,-4
https://raw.githubusercontent.com/AlexeyAB/darknet/master/cfg/yolov4-custom.cfg,convolutional,142,989,batch_normalize,1
https://raw.githubusercontent.com/AlexeyAB/darknet/master/cfg/yolov4-custom.cfg,convolutional,142,990,size,3
https://raw.githubusercontent.com/AlexeyAB/darknet/master/cfg/yolov4-custom.cfg,convolutional,142,991,stride,2
https://raw.githubusercontent.com/AlexeyAB/darknet/master/cfg/yolov4-custom.cfg,convolutional,142,992,pad,1
https://raw.githubusercontent.com/AlexeyAB/darknet/master/cfg/yolov4-custom.cfg,convolutional,142,993,filters,256
https://raw.githubusercontent.com/AlexeyAB/darknet/master/cfg/yolov4-custom.cfg,convolutional,142,994,activation,leaky
https://raw.githubusercontent.com/AlexeyAB/darknet/master/cfg/yolov4-custom.cfg,route,143,997,layers,"-1, -16"
https://raw.githubusercontent.com/AlexeyAB/darknet/master/cfg/yolov4-custom.cfg,convolutional,144,1000,batch_normalize,1
https://raw.githubusercontent.com/AlexeyAB/darknet/master/cfg/yolov4-custom.cfg,convolutional,144,1001,filters,256
https://raw.githubusercontent.com/AlexeyAB/darknet/master/cfg/yolov4-custom.cfg,convolutional,144,1002,size,1
https://raw.githubusercontent.com/AlexeyAB/darknet/master/cfg/yolov4-custom.cfg,convolutional,144,1003,stride,1
https://raw.githubusercontent.com/AlexeyAB/darknet/master/cfg/yolov4-custom.cfg,convolutional,144,1004,pad,1
https://raw.githubusercontent.com/AlexeyAB/darknet/master/cfg/yolov4-custom.cfg,convolutional,144,1005,activation,leaky
https://raw.githubusercontent.com/AlexeyAB/darknet/master/cfg/yolov4-custom.cfg,convolutional,145,1008,batch_normalize,1
https://raw.githubusercontent.com/AlexeyAB/darknet/master/cfg/yolov4-custom.cfg,convolutional,145,1009,size,3
https://raw.githubusercontent.com/AlexeyAB/darknet/master/cfg/yolov4-custom.cfg,convolutional,145,1010,stride,1
https://raw.githubusercontent.com/AlexeyAB/darknet/master/cfg/yolov4-custom.cfg,convolutional,145,1011,pad,1
https://raw.githubusercontent.com/AlexeyAB/darknet/master/cfg/yolov4-custom.cfg,convolutional,145,1012,filters,512
https://raw.githubusercontent.com/AlexeyAB/darknet/master/cfg/yolov4-custom.cfg,convolutional,145,1013,activation,leaky
https://raw.githubusercontent.com/AlexeyAB/darknet/master/cfg/yolov4-custom.cfg,convolutional,146,1016,batch_normalize,1
https://raw.githubusercontent.com/AlexeyAB/darknet/master/cfg/yolov4-custom.cfg,convolutional,146,1017,filters,256
https://raw.githubusercontent.com/AlexeyAB/darknet/master/cfg/yolov4-custom.cfg,convolutional,146,1018,size,1
https://raw.githubusercontent.com/AlexeyAB/darknet/master/cfg/yolov4-custom.cfg,convolutional,146,1019,stride,1
https://raw.githubusercontent.com/AlexeyAB/darknet/master/cfg/yolov4-custom.cfg,convolutional,146,1020,pad,1
https://raw.githubusercontent.com/AlexeyAB/darknet/master/cfg/yolov4-custom.cfg,convolutional,146,1021,activation,leaky
https://raw.githubusercontent.com/AlexeyAB/darknet/master/cfg/yolov4-custom.cfg,convolutional,147,1024,batch_normalize,1
https://raw.githubusercontent.com/AlexeyAB/darknet/master/cfg/yolov4-custom.cfg,convolutional,147,1025,size,3
https://raw.githubusercontent.com/AlexeyAB/darknet/master/cfg/yolov4-custom.cfg,convolutional,147,1026,stride,1
https://raw.githubusercontent.com/AlexeyAB/darknet/master/cfg/yolov4-custom.cfg,convolutional,147,1027,pad,1
https://raw.githubusercontent.com/AlexeyAB/darknet/master/cfg/yolov4-custom.cfg,convolutional,147,1028,filters,512
https://raw.githubusercontent.com/AlexeyAB/darknet/master/cfg/yolov4-custom.cfg,convolutional,147,1029,activation,leaky
https://raw.githubusercontent.com/AlexeyAB/darknet/master/cfg/yolov4-custom.cfg,convolutional,148,1032,batch_normalize,1
https://raw.githubusercontent.com/AlexeyAB/darknet/master/cfg/yolov4-custom.cfg,convolutional,148,1033,filters,256
https://raw.githubusercontent.com/AlexeyAB/darknet/master/cfg/yolov4-custom.cfg,convolutional,148,1034,size,1
https://raw.githubusercontent.com/AlexeyAB/darknet/master/cfg/yolov4-custom.cfg,convolutional,148,1035,stride,1
https://raw.githubusercontent.com/AlexeyAB/darknet/master/cfg/yolov4-custom.cfg,convolutional,148,1036,pad,1
https://raw.githubusercontent.com/AlexeyAB/darknet/master/cfg/yolov4-custom.cfg,convolutional,148,1037,activation,leaky
https://raw.githubusercontent.com/AlexeyAB/darknet/master/cfg/yolov4-custom.cfg,convolutional,149,1040,batch_normalize,1
https://raw.githubusercontent.com/AlexeyAB/darknet/master/cfg/yolov4-custom.cfg,convolutional,149,1041,size,3
https://raw.githubusercontent.com/AlexeyAB/darknet/master/cfg/yolov4-custom.cfg,convolutional,149,1042,stride,1
https://raw.githubusercontent.com/AlexeyAB/darknet/master/cfg/yolov4-custom.cfg,convolutional,149,1043,pad,1
https://raw.githubusercontent.com/AlexeyAB/darknet/master/cfg/yolov4-custom.cfg,convolutional,149,1044,filters,512
https://raw.githubusercontent.com/AlexeyAB/darknet/master/cfg/yolov4-custom.cfg,convolutional,149,1045,activation,leaky
https://raw.githubusercontent.com/AlexeyAB/darknet/master/cfg/yolov4-custom.cfg,convolutional,150,1048,size,1
https://raw.githubusercontent.com/AlexeyAB/darknet/master/cfg/yolov4-custom.cfg,convolutional,150,1049,stride,1
https://raw.githubusercontent.com/AlexeyAB/darknet/master/cfg/yolov4-custom.cfg,convolutional,150,1050,pad,1
https://raw.githubusercontent.com/AlexeyAB/darknet/master/cfg/yolov4-custom.cfg,convolutional,150,1051,filters,255
https://raw.githubusercontent.com/AlexeyAB/darknet/master/cfg/yolov4-custom.cfg,convolutional,150,1052,activation,linear
https://raw.githubusercontent.com/AlexeyAB/darknet/master/cfg/yolov4-custom.cfg,yolo,151,1056,mask,"3,4,5"
https://raw.githubusercontent.com/AlexeyAB/darknet/master/cfg/yolov4-custom.cfg,yolo,151,1057,anchors,"12, 16, 19, 36, 40, 28, 36, 75, 76, 55, 72, 146, 142, 110, 192, 243, 459, 401"
https://raw.githubusercontent.com/AlexeyAB/darknet/master/cfg/yolov4-custom.cfg,yolo,151,1058,classes,80
https://raw.githubusercontent.com/AlexeyAB/darknet/master/cfg/yolov4-custom.cfg,yolo,151,1059,num,9
https://raw.githubusercontent.com/AlexeyAB/darknet/master/cfg/yolov4-custom.cfg,yolo,151,1060,jitter,.3
https://raw.githubusercontent.com/AlexeyAB/darknet/master/cfg/yolov4-custom.cfg,yolo,151,1061,ignore_thresh,.7
https://raw.githubusercontent.com/AlexeyAB/darknet/master/cfg/yolov4-custom.cfg,yolo,151,1062,truth_thresh,1
https://raw.githubusercontent.com/AlexeyAB/darknet/master/cfg/yolov4-custom.cfg,yolo,151,1063,scale_x_y,1.1
https://raw.githubusercontent.com/AlexeyAB/darknet/master/cfg/yolov4-custom.cfg,yolo,151,1064,iou_thresh,0.213
https://raw.githubusercontent.com/AlexeyAB/darknet/master/cfg/yolov4-custom.cfg,yolo,151,1065,cls_normalizer,1.0
https://raw.githubusercontent.com/AlexeyAB/darknet/master/cfg/yolov4-custom.cfg,yolo,151,1066,iou_normalizer,0.07
https://raw.githubusercontent.com/AlexeyAB/darknet/master/cfg/yolov4-custom.cfg,yolo,151,1067,iou_loss,ciou
https://raw.githubusercontent.com/AlexeyAB/darknet/master/cfg/yolov4-custom.cfg,yolo,151,1068,nms_kind,greedynms
https://raw.githubusercontent.com/AlexeyAB/darknet/master/cfg/yolov4-custom.cfg,yolo,151,1069,beta_nms,0.6
https://raw.githubusercontent.com/AlexeyAB/darknet/master/cfg/yolov4-custom.cfg,yolo,151,1070,max_delta,5
https://raw.githubusercontent.com/AlexeyAB/darknet/master/cfg/yolov4-custom.cfg,route,152,1074,layers,-4
https://raw.githubusercontent.com/AlexeyAB/darknet/master/cfg/yolov4-custom.cfg,convolutional,153,1077,batch_normalize,1
https://raw.githubusercontent.com/AlexeyAB/darknet/master/cfg/yolov4-custom.cfg,convolutional,153,1078,size,3
https://raw.githubusercontent.com/AlexeyAB/darknet/master/cfg/yolov4-custom.cfg,convolutional,153,1079,stride,2
https://raw.githubusercontent.com/AlexeyAB/darknet/master/cfg/yolov4-custom.cfg,convolutional,153,1080,pad,1
https://raw.githubusercontent.com/AlexeyAB/darknet/master/cfg/yolov4-custom.cfg,convolutional,153,1081,filters,512
https://raw.githubusercontent.com/AlexeyAB/darknet/master/cfg/yolov4-custom.cfg,convolutional,153,1082,activation,leaky
https://raw.githubusercontent.com/AlexeyAB/darknet/master/cfg/yolov4-custom.cfg,route,154,1085,layers,"-1, -37"
https://raw.githubusercontent.com/AlexeyAB/darknet/master/cfg/yolov4-custom.cfg,convolutional,155,1088,batch_normalize,1
https://raw.githubusercontent.com/AlexeyAB/darknet/master/cfg/yolov4-custom.cfg,convolutional,155,1089,filters,512
https://raw.githubusercontent.com/AlexeyAB/darknet/master/cfg/yolov4-custom.cfg,convolutional,155,1090,size,1
https://raw.githubusercontent.com/AlexeyAB/darknet/master/cfg/yolov4-custom.cfg,convolutional,155,1091,stride,1
https://raw.githubusercontent.com/AlexeyAB/darknet/master/cfg/yolov4-custom.cfg,convolutional,155,1092,pad,1
https://raw.githubusercontent.com/AlexeyAB/darknet/master/cfg/yolov4-custom.cfg,convolutional,155,1093,activation,leaky
https://raw.githubusercontent.com/AlexeyAB/darknet/master/cfg/yolov4-custom.cfg,convolutional,156,1096,batch_normalize,1
https://raw.githubusercontent.com/AlexeyAB/darknet/master/cfg/yolov4-custom.cfg,convolutional,156,1097,size,3
https://raw.githubusercontent.com/AlexeyAB/darknet/master/cfg/yolov4-custom.cfg,convolutional,156,1098,stride,1
https://raw.githubusercontent.com/AlexeyAB/darknet/master/cfg/yolov4-custom.cfg,convolutional,156,1099,pad,1
https://raw.githubusercontent.com/AlexeyAB/darknet/master/cfg/yolov4-custom.cfg,convolutional,156,1100,filters,1024
https://raw.githubusercontent.com/AlexeyAB/darknet/master/cfg/yolov4-custom.cfg,convolutional,156,1101,activation,leaky
https://raw.githubusercontent.com/AlexeyAB/darknet/master/cfg/yolov4-custom.cfg,convolutional,157,1104,batch_normalize,1
https://raw.githubusercontent.com/AlexeyAB/darknet/master/cfg/yolov4-custom.cfg,convolutional,157,1105,filters,512
https://raw.githubusercontent.com/AlexeyAB/darknet/master/cfg/yolov4-custom.cfg,convolutional,157,1106,size,1
https://raw.githubusercontent.com/AlexeyAB/darknet/master/cfg/yolov4-custom.cfg,convolutional,157,1107,stride,1
https://raw.githubusercontent.com/AlexeyAB/darknet/master/cfg/yolov4-custom.cfg,convolutional,157,1108,pad,1
https://raw.githubusercontent.com/AlexeyAB/darknet/master/cfg/yolov4-custom.cfg,convolutional,157,1109,activation,leaky
https://raw.githubusercontent.com/AlexeyAB/darknet/master/cfg/yolov4-custom.cfg,convolutional,158,1112,batch_normalize,1
https://raw.githubusercontent.com/AlexeyAB/darknet/master/cfg/yolov4-custom.cfg,convolutional,158,1113,size,3
https://raw.githubusercontent.com/AlexeyAB/darknet/master/cfg/yolov4-custom.cfg,convolutional,158,1114,stride,1
https://raw.githubusercontent.com/AlexeyAB/darknet/master/cfg/yolov4-custom.cfg,convolutional,158,1115,pad,1
https://raw.githubusercontent.com/AlexeyAB/darknet/master/cfg/yolov4-custom.cfg,convolutional,158,1116,filters,1024
https://raw.githubusercontent.com/AlexeyAB/darknet/master/cfg/yolov4-custom.cfg,convolutional,158,1117,activation,leaky
https://raw.githubusercontent.com/AlexeyAB/darknet/master/cfg/yolov4-custom.cfg,convolutional,159,1120,batch_normalize,1
https://raw.githubusercontent.com/AlexeyAB/darknet/master/cfg/yolov4-custom.cfg,convolutional,159,1121,filters,512
https://raw.githubusercontent.com/AlexeyAB/darknet/master/cfg/yolov4-custom.cfg,convolutional,159,1122,size,1
https://raw.githubusercontent.com/AlexeyAB/darknet/master/cfg/yolov4-custom.cfg,convolutional,159,1123,stride,1
https://raw.githubusercontent.com/AlexeyAB/darknet/master/cfg/yolov4-custom.cfg,convolutional,159,1124,pad,1
https://raw.githubusercontent.com/AlexeyAB/darknet/master/cfg/yolov4-custom.cfg,convolutional,159,1125,activation,leaky
https://raw.githubusercontent.com/AlexeyAB/darknet/master/cfg/yolov4-custom.cfg,convolutional,160,1128,batch_normalize,1
https://raw.githubusercontent.com/AlexeyAB/darknet/master/cfg/yolov4-custom.cfg,convolutional,160,1129,size,3
https://raw.githubusercontent.com/AlexeyAB/darknet/master/cfg/yolov4-custom.cfg,convolutional,160,1130,stride,1
https://raw.githubusercontent.com/AlexeyAB/darknet/master/cfg/yolov4-custom.cfg,convolutional,160,1131,pad,1
https://raw.githubusercontent.com/AlexeyAB/darknet/master/cfg/yolov4-custom.cfg,convolutional,160,1132,filters,1024
https://raw.githubusercontent.com/AlexeyAB/darknet/master/cfg/yolov4-custom.cfg,convolutional,160,1133,activation,leaky
https://raw.githubusercontent.com/AlexeyAB/darknet/master/cfg/yolov4-custom.cfg,convolutional,161,1136,size,1
https://raw.githubusercontent.com/AlexeyAB/darknet/master/cfg/yolov4-custom.cfg,convolutional,161,1137,stride,1
https://raw.githubusercontent.com/AlexeyAB/darknet/master/cfg/yolov4-custom.cfg,convolutional,161,1138,pad,1
https://raw.githubusercontent.com/AlexeyAB/darknet/master/cfg/yolov4-custom.cfg,convolutional,161,1139,filters,255
https://raw.githubusercontent.com/AlexeyAB/darknet/master/cfg/yolov4-custom.cfg,convolutional,161,1140,activation,linear
https://raw.githubusercontent.com/AlexeyAB/darknet/master/cfg/yolov4-custom.cfg,yolo,162,1144,mask,"6,7,8"
https://raw.githubusercontent.com/AlexeyAB/darknet/master/cfg/yolov4-custom.cfg,yolo,162,1145,anchors,"12, 16, 19, 36, 40, 28, 36, 75, 76, 55, 72, 146, 142, 110, 192, 243, 459, 401"
https://raw.githubusercontent.com/AlexeyAB/darknet/master/cfg/yolov4-custom.cfg,yolo,162,1146,classes,80
https://raw.githubusercontent.com/AlexeyAB/darknet/master/cfg/yolov4-custom.cfg,yolo,162,1147,num,9
https://raw.githubusercontent.com/AlexeyAB/darknet/master/cfg/yolov4-custom.cfg,yolo,162,1148,jitter,.3
https://raw.githubusercontent.com/AlexeyAB/darknet/master/cfg/yolov4-custom.cfg,yolo,162,1149,ignore_thresh,.7
https://raw.githubusercontent.com/AlexeyAB/darknet/master/cfg/yolov4-custom.cfg,yolo,162,1150,truth_thresh,1
https://raw.githubusercontent.com/AlexeyAB/darknet/master/cfg/yolov4-custom.cfg,yolo,162,1151,random,1
https://raw.githubusercontent.com/AlexeyAB/darknet/master/cfg/yolov4-custom.cfg,yolo,162,1152,scale_x_y,1.05
https://raw.githubusercontent.com/AlexeyAB/darknet/master/cfg/yolov4-custom.cfg,yolo,162,1153,iou_thresh,0.213
https://raw.githubusercontent.com/AlexeyAB/darknet/master/cfg/yolov4-custom.cfg,yolo,162,1154,cls_normalizer,1.0
https://raw.githubusercontent.com/AlexeyAB/darknet/master/cfg/yolov4-custom.cfg,yolo,162,1155,iou_normalizer,0.07
https://raw.githubusercontent.com/AlexeyAB/darknet/master/cfg/yolov4-custom.cfg,yolo,162,1156,iou_loss,ciou
https://raw.githubusercontent.com/AlexeyAB/darknet/master/cfg/yolov4-custom.cfg,yolo,162,1157,nms_kind,greedynms
https://raw.githubusercontent.com/AlexeyAB/darknet/master/cfg/yolov4-custom.cfg,yolo,162,1158,beta_nms,0.6
https://raw.githubusercontent.com/AlexeyAB/darknet/master/cfg/yolov4-custom.cfg,yolo,162,1159,max_delta,5
